334428	raadio2.radio.pl
334450	6mx.radio.pl
334452	wnnkfm.radio.pl
334453	whyy.radio.pl
334523	radio1mariborsi.radio.pl
334524	radio1dolenjskasi.radio.pl
334535	lautfm-partydj.radio.pl
334537	klsa.radio.pl
334643	lautfm-30radio.radio.pl
334808	kkbg.radio.pl
334809	klua.radio.pl
334812	kleo.radio.pl
334837	radiok2.radio.pl
334838	focusvidin.radio.pl
334858	melodyradio.radio.pl
334881	nrj1042moscow.radio.pl
334983	wimi.radio.pl
335082	wrbqfm.radio.pl
335100	yesternow.radio.pl
335121	dejavu.radio.pl
335126	favorhit.radio.pl
335128	mfmgoldman.radio.pl
335163	6nr.radio.pl
335168	wowfm.radio.pl
335180	7way.radio.pl
335214	domdruzhbi.radio.pl
335215	moscowfm.radio.pl
335256	nrkp13.radio.pl
335276	a11amplitude.radio.pl
335377	radiojackie.radio.pl
335455	discofox365.radio.pl
335508	lautfm-ellementsfm.radio.pl
335511	myradiorock.radio.pl
335522	4sfm.radio.pl
335547	galaxykempten.radio.pl
335573	playgay.radio.pl
335592	andys80s.radio.pl
335604	abetter70s.radio.pl
335638	lautfm-partyundapresski.radio.pl
335645	radiocityarg.radio.pl
335667	fmstereo.radio.pl
335723	ksju.radio.pl
335807	jemesouviens.radio.pl
335822	hqsoundclassic.radio.pl
335877	crazywelle.radio.pl
335904	radiobluelight.radio.pl
335945	myhitradio.radio.pl
335948	wxcv.radio.pl
335978	wrgc.radio.pl
335988	wlif.radio.pl
335989	wgop.radio.pl
336000	heartbeatfm.radio.pl
336005	wssb.radio.pl
336050	wwmp.radio.pl
336051	wqjq.radio.pl
336114	allzicfete.radio.pl
336123	airpopmusic.radio.pl
336152	allhits.radio.pl
336291	mirabelle.radio.pl
336298	nadajednb.radio.pl
336318	duguayhitsone2015.radio.pl
336353	estilo.radio.pl
336409	keaz.radio.pl
336427	noticiasmvs.radio.pl
336474	swr4trier.radio.pl
336505	lautfm-4innhitradio.radio.pl
336533	wogl.radio.pl
336551	wplm.radio.pl
336636	rockfmfr.radio.pl
336647	irabo.radio.pl
336648	vipandfriends.radio.pl
336663	estudioplaya.radio.pl
336724	komsomolskayapravda.radio.pl
336754	wric-fm.radio.pl
336786	rockandpop955fm.radio.pl
336801	vedisound.radio.pl
336859	lautfm-radio-kunterbunt.radio.pl
336869	power991.radio.pl
336880	atomik.radio.pl
336907	liverpoolrevolution.radio.pl
336917	m1lt.radio.pl
336951	ilovemyparty.radio.pl
337022	cwcb.radio.pl
337073	kiss925.radio.pl
337074	eskaultramusicradioshow.radio.pl
337075	eskasummercity.radio.pl
337154	soundsethr.radio.pl
337177	retrofmua.radio.pl
337187	wesoleslonzoki.radio.pl
337211	staradio1073fmid.radio.pl
337212	sheradiofmid.radio.pl
337213	scoutradioid.radio.pl
337306	khus.radio.pl
337328	kcix.radio.pl
337363	musiquera.radio.pl
337366	caferomantico.radio.pl
337379	tudial.radio.pl
337386	chilango.radio.pl
337440	rockpop959.radio.pl
337443	radiocarolina.radio.pl
337473	1046rtlneuehits.radio.pl
337483	poptron.radio.pl
337517	martinair.radio.pl
337518	aradiotop40.radio.pl
337533	klassikradiomovie.radio.pl
337550	rtegold.radio.pl
337573	spin1038.radio.pl
337587	lietus.radio.pl
337591	saules.radio.pl
337610	lautfm-straw4u.radio.pl
337611	swr4heilbronn.radio.pl
337612	swr4mannheim.radio.pl
337613	swr4freiburg.radio.pl
337614	swr4karlsruhe.radio.pl
337616	swr4ludwigshafen.radio.pl
337617	swr4koblenz.radio.pl
337618	swr4kaiserslautern.radio.pl
337678	retrofmrussland.radio.pl
337687	hitsterfm.radio.pl
337699	yaltafm.radio.pl
337723	blackcoffee.radio.pl
337776	80er.radio.pl
337791	dragonpower.radio.pl
337794	hitarenanrw.radio.pl
337836	chrzescijaninbiblia.radio.pl
337872	winn.radio.pl
337956	jazzradioblues.radio.pl
338026	wqai.radio.pl
338028	5fbi.radio.pl
338029	5jjj.radio.pl
338034	4eeb.radio.pl
338095	robinsonfm.radio.pl
338110	casty.radio.pl
338118	softnezee.radio.pl
338125	wnuq.radio.pl
338208	lacalientetorreon.radio.pl
338211	wradiomx.radio.pl
338293	wvis.radio.pl
338350	exitosoldies.radio.pl
338358	rozasfm.radio.pl
338359	rocksatelite.radio.pl
338372	siradioponte.radio.pl
338376	antiguos.radio.pl
338393	scannerbeat.radio.pl
338394	energiaurbana.radio.pl
338402	retrohitsclassic.radio.pl
338410	pioneerdj.radio.pl
338411	rute.radio.pl
338430	sccgrancan.radio.pl
338498	bifm.radio.pl
338511	flaixfm.radio.pl
338623	schwany6.radio.pl
338628	nostalgiebestof80s.radio.pl
338660	kaygeefm.radio.pl
338679	ibizasonica.radio.pl
338684	lautfm-oldiemania.radio.pl
338685	americangraffiti.radio.pl
338690	abetteroldiesstation.radio.pl
338691	doowopcafe.radio.pl
338702	flowerpower.radio.pl
338704	doowopexpress.radio.pl
338705	thebeatleshq.radio.pl
338706	radiomonsterfmevergreens.radio.pl
338717	radiolotte.radio.pl
338743	rsdradio.radio.pl
338744	rockradiorti.radio.pl
338753	1046rtlblack.radio.pl
338759	multicultfm.radio.pl
338788	radioroxy.radio.pl
338846	groovesalad.radio.pl
338850	wity.radio.pl
338851	wrkl.radio.pl
338903	roger.radio.pl
338907	radiomeuh.radio.pl
338925	sweatlodgeradio.radio.pl
338930	bobmarley.radio.pl
338939	loveradiothai.radio.pl
338947	funkhauseuropa.radio.pl
338949	kbnm-lp.radio.pl
338950	whoufm.radio.pl
338977	slowradio.radio.pl
338986	biguplovers.radio.pl
339033	wassoulou.radio.pl
339051	rmi80sgold.radio.pl
339088	aewenradiokpop.radio.pl
339095	a1nothernireland.radio.pl
339101	radio34.radio.pl
339132	almrauschvolksmusik.radio.pl
339152	smoothbestmusic.radio.pl
339172	aradiotop40dance.radio.pl
339194	nts.radio.pl
339227	rinsefm.radio.pl
339229	reprezent.radio.pl
339230	back2backfm.radio.pl
339240	aradio90s.radio.pl
339242	aradio70s.radio.pl
339244	angelmusik.radio.pl
339247	allstars70.radio.pl
339253	italopower.radio.pl
339271	romanceonline.radio.pl
339274	expresionstereo.radio.pl
339293	rtmodernblues.radio.pl
339325	rt60srock.radio.pl
339327	wexs.radio.pl
339332	blacksoulrhythms.radio.pl
339348	rewound.radio.pl
339395	todotapu.radio.pl
339455	liveireland1.radio.pl
339457	1live.radio.pl
339469	ostseefunk.radio.pl
339515	radiozetsupergold.radio.pl
339516	radiozetbeatles.radio.pl
339517	plusbydgoszcz.radio.pl
339518	rmfgold.radio.pl
339519	rmf60s.radio.pl
339521	rmigreatesthits.radio.pl
339522	slawa.radio.pl
339525	rmfstyl.radio.pl
339526	rmfsprzeboje.radio.pl
339528	rmieurodisco.radio.pl
339529	rmfparty.radio.pl
339530	rmf70s.radio.pl
339542	euerwebradio.radio.pl
339546	vibrationchanson.radio.pl
339550	bluelight.radio.pl
339609	rmisynthspacemusic.radio.pl
339637	westside896fm.radio.pl
339664	advanceradio.radio.pl
339666	radioactive100fm.radio.pl
339681	rdl.radio.pl
339691	rireetchansons.radio.pl
339693	34fm.radio.pl
339723	andreandco.radio.pl
339740	yoyoy.radio.pl
339746	superoldiesfr.radio.pl
339760	zic02.radio.pl
339766	wit.radio.pl
339782	rvv.radio.pl
339789	pepsupmusic.radio.pl
339804	slowjam.radio.pl
339805	mfmseducteurs.radio.pl
339806	mfmcelinedion.radio.pl
339808	skyrock.radio.pl
339818	rws.radio.pl
339830	fip.radio.pl
339859	webtubes.radio.pl
339868	smyle.radio.pl
339869	schoolradio.radio.pl
339876	shibanis.radio.pl
339885	silence.radio.pl
339894	tsfjazz.radio.pl
339895	size.radio.pl
339930	rootslegacy.radio.pl
339954	whitefox.radio.pl
339976	allzic50s.radio.pl
339978	allzicgoldsfr.radio.pl
339990	plug.radio.pl
339991	sanza.radio.pl
340026	partynight.radio.pl
340032	starshineradio.radio.pl
340042	electroswingrevolution.radio.pl
340047	kissfm.radio.pl
340081	energyhamburg.radio.pl
340089	sunshine-live.radio.pl
340118	schwany2.radio.pl
340154	saek.radio.pl
340159	rtrfm.radio.pl
340163	s4radioseven.radio.pl
340167	temporadiooldies.radio.pl
340170	schwanysouvenir.radio.pl
340176	welovehousefm.radio.pl
340179	antenne90erhits.radio.pl
340185	ruidoblancofm.radio.pl
340201	webwellewarendorf.radio.pl
340202	ruhrpottmagie.radio.pl
340204	wuppertalerhot.radio.pl
340206	wdr2rheinland.radio.pl
340210	rheinrock.radio.pl
340226	rockland.radio.pl
340227	antennepirmasens.radio.pl
340232	antennebkn.radio.pl
340247	welle1onair.radio.pl
340290	energyfitness.radio.pl
340316	schaustellerradio.radio.pl
340334	schlagermelodie.radio.pl
340352	romantikradio.radio.pl
340354	rhmr.radio.pl
340360	scr-radio.radio.pl
340362	youfmjustmusic.radio.pl
340382	whiteangelstar.radio.pl
340395	rockpop24.radio.pl
340427	antennebayern.radio.pl
340462	sbr.radio.pl
340468	antenneniedersachsenoldies.radio.pl
340487	stationnrw.radio.pl
340523	weatfm.radio.pl
340568	4bcr.radio.pl
340574	wplh.radio.pl
340606	sax4ever.radio.pl
340633	sleekfm.radio.pl
340643	tropicalisimaoldies.radio.pl
340655	stpatricksday.radio.pl
340659	wtfpodcast.radio.pl
340740	wslp.radio.pl
340845	stade-radio.radio.pl
340920	aardvarkblues.radio.pl
340922	zloteprzeboje.radio.pl
340929	wnvr.radio.pl
340930	wnurfm.radio.pl
340942	wixo.radio.pl
340943	wiit.radio.pl
340978	webs.radio.pl
340986	wawaparty.radio.pl
340987	wawakultoweprzeboje.radio.pl
340988	wawadetektywinwektyw.radio.pl
340989	wawaballady.radio.pl
340990	tubafm.radio.pl
340991	toksynafm.radio.pl
340992	toksynadj.radio.pl
340993	strefafmpl.radio.pl
341003	rtmeditation.radio.pl
341005	rocktime.radio.pl
341006	rmfsmoothjazz.radio.pl
341007	rmfreggae.radio.pl
341008	rmfr.radio.pl
341009	rmfmaxxxhop.radio.pl
341010	rmfladypank.radio.pl
341011	rmfhiphop.radio.pl
341012	rmfcuba.radio.pl
341013	rmfclassic.radio.pl
341014	rmfchillout.radio.pl
341015	rmfblues.radio.pl
341016	rmfbeatlemania.radio.pl
341017	ritmolatino.radio.pl
341018	redlightradio.radio.pl
341019	rdc.radio.pl
341020	radiozetfitness.radio.pl
341021	radiowarszawa.radio.pl
341022	radioslask.radio.pl
341023	radiosferapl.radio.pl
341024	radioram.radio.pl
341025	radiopolotv.radio.pl
341026	radiopartyhouse.radio.pl
341027	radiokoninpl.radio.pl
341028	radiokolorpl.radio.pl
341029	radioindexpl.radio.pl
341030	radioglospl.radio.pl
341031	radiofreeepl.radio.pl
341032	radiofest.radio.pl
341033	radioem.radio.pl
341034	radiobajkapl.radio.pl
341035	radioafera.radio.pl
341036	radio7pl.radio.pl
341037	prradiopik.radio.pl
341038	polskieradiowroclaw.radio.pl
341039	polskieradiokrakow.radio.pl
341040	polskieradiogdansk.radio.pl
341041	polskalove.radio.pl
341042	polskalatino.radio.pl
341043	polska6070.radio.pl
341044	planetafmoldskul.radio.pl
341045	planetafmdubstep.radio.pl
341046	planetafmchillout.radio.pl
341047	planetafmalternative.radio.pl
341048	pachafm.radio.pl
341049	opoka.radio.pl
341050	openlab.radio.pl
341051	nprstoryoftheday.radio.pl
341052	nostalgiawarszawa.radio.pl
341053	nirvanarelaxation.radio.pl
341055	neuedvds.radio.pl
341056	ndrkulturwickertsbuecher.radio.pl
341057	ndr2startalkfilm.radio.pl
341058	naszeradio.radio.pl
341059	modfm.radio.pl
341060	minimalmix.radio.pl
341061	mens-health.radio.pl
341062	mdrsputnik.radio.pl
341063	letabernacle.radio.pl
341064	lemouvjournaldemathildeterrier.radio.pl
341065	laidback.radio.pl
341066	lagoonfm.radio.pl
341067	kuechenradio.radio.pl
341068	kontestacja.radio.pl
341069	kaszebe.radio.pl
341070	jutrzenka.radio.pl
341072	italo4you.radio.pl
341073	ibiza.radio.pl
341074	hippiesoul.radio.pl
341075	heavymetalattack.radio.pl
341076	folkforward.radio.pl
341078	fluxfm.radio.pl
341079	fabrykatczew.radio.pl
341080	eskarockclassic.radio.pl
341081	eskarap.radio.pl
341082	eskakrakow.radio.pl
341083	eskagoraca100.radio.pl
341084	eskacinema.radio.pl
341086	enklawa.radio.pl
341087	egofm.radio.pl
341088	earwaves.radio.pl
341089	curatedsound.radio.pl
341090	clubparty.radio.pl
341091	classicfm.radio.pl
341092	chrzescijaningospel.radio.pl
341094	calmlounge.radio.pl
341095	calmcafeparis.radio.pl
341096	cafedelmarfm.radio.pl
341098	bonton.radio.pl
341100	blacknadaje.radio.pl
341101	beatlesradio1.radio.pl
341102	bbcsomerset.radio.pl
341103	bbcradiolancashire.radio.pl
341104	bbcradio6music.radio.pl
341105	bbcradio1xtra.radio.pl
341106	bbcradio1.radio.pl
341108	antywawa.radio.pl
341109	antyradiowoodstock.radio.pl
341110	antypoland.radio.pl
341111	akadera.radio.pl
341112	ainkarim.radio.pl
341115	zetgoldpl.radio.pl
341119	voxfm.radio.pl
341120	tokfm.radio.pl
341122	surfmusic.radio.pl
341129	rockradiopl.radio.pl
341130	rmfszanty.radio.pl
341131	rmfmaxxx.radio.pl
341132	rmffm.radio.pl
341133	rmf2000.radio.pl
341134	radiovictoriapl.radio.pl
341135	radiosalsafestival.radio.pl
341136	radioparadise.radio.pl
341137	radiokampuspl.radio.pl
341138	party1019.radio.pl
341139	loungefmterrace.radio.pl
341141	holanysalsa.radio.pl
341142	eskarock.radio.pl
341143	eska.radio.pl
341144	chillizet.radio.pl
341145	calmclassicalmix.radio.pl
341146	corporate.radio.pl
341184	acloserlook.radio.pl
341194	wismarfm.radio.pl
341207	krth.radio.pl
341208	musiconlyfm.radio.pl
341231	radioreeperbahn.radio.pl
341240	fpp.radio.pl
341261	wdr2bergisches.radio.pl
341264	wdr2rheinruhr.radio.pl
341301	contactstory.radio.pl
341313	hifive.radio.pl
341314	gongstars.radio.pl
341320	psychedelicjukebox.radio.pl
341332	partysound.radio.pl
341336	radioohrwurm.radio.pl
341351	franceinfo.radio.pl
341377	oldiecharts.radio.pl
341378	lautfm-radiostade.radio.pl
341381	ratlosfm.radio.pl
341387	musikhoehle.radio.pl
341400	fishermanfm.radio.pl
341428	francebleuidf.radio.pl
341431	baerlyfun.radio.pl
341432	rmiinstrumentalversion.radio.pl
341433	rmfgroove.radio.pl
341434	rminewgeneration.radio.pl
341435	rmiinthemix.radio.pl
341436	rmidiscofox.radio.pl
341437	rmiclassic.radio.pl
341450	modem.radio.pl
341490	efel.radio.pl
341492	radionolimit.radio.pl
341511	aradio80s.radio.pl
341540	wqve.radio.pl
341797	kissfmes.radio.pl
341814	potpou.radio.pl
341848	mfmenfoires.radio.pl
341857	jackrockslive.radio.pl
341867	radioeins.radio.pl
341886	lautfm-1000oldies.radio.pl
341919	baerlishit.radio.pl
341925	musiiczonefm.radio.pl
341933	dreagonbeats.radio.pl
341961	lautfm-cinemaitaliano.radio.pl
341962	movieticketpop.radio.pl
341985	pirateradiotreasurecoast.radio.pl
341988	kbzu.radio.pl
341993	lautfm-bluesclub.radio.pl
342003	wjez.radio.pl
342004	wius.radio.pl
342035	eklettikalive.radio.pl
342151	kgga.radio.pl
342210	schwarzwaldradio.radio.pl
342221	irishpubradio.radio.pl
342222	1club4radio.radio.pl
342226	paddyrock.radio.pl
342249	wrar-fm.radio.pl
342253	russianradio.radio.pl
342268	radiodecibelfr.radio.pl
342294	lautfm-popadelica.radio.pl
342342	mopsisfun.radio.pl
342343	lautfm-samsonsfm.radio.pl
342372	collector.radio.pl
342410	wpng.radio.pl
342439	psym.radio.pl
342500	rmffrancais.radio.pl
342547	dgl.radio.pl
342590	lautfm-funnydogssaar.radio.pl
342598	lautfm-hicemusic.radio.pl
342626	lautfm-rocknrolle.radio.pl
342628	lautfm-powerstation.radio.pl
342631	lautfm-nummer1oldies.radio.pl
342647	lautfm-hitfm.radio.pl
342649	lautfm-noiseonfm.radio.pl
342673	radiobackintime.radio.pl
342733	klco.radio.pl
342741	wwkx.radio.pl
342810	beatblender.radio.pl
342823	wbrs.radio.pl
342836	radionewyorklive.radio.pl
342839	whcrfm.radio.pl
342879	didjmixes.radio.pl
342887	atlanticaoldies.radio.pl
342956	kpopdance.radio.pl
342960	kpoppdm.radio.pl
343014	swr4friedrichshafen.radio.pl
343016	swr4ulm.radio.pl
343017	swr4tuebingen.radio.pl
343028	sr3schlagerwelt.radio.pl
343079	cristalclassic.radio.pl
343114	centrum89fm.radio.pl
343116	polskie3.radio.pl
343117	radioccmpl.radio.pl
343118	polskieolsztyn.radio.pl
343120	deutschbaukasten.radio.pl
343122	famawolomin.radio.pl
343124	eskabialystok.radio.pl
343125	polskieradiobialystok.radio.pl
343126	rmf80s.radio.pl
343129	radio5elkpl.radio.pl
343130	eskarzeszow.radio.pl
343131	eskakielce.radio.pl
343133	eskatorun.radio.pl
343135	rmf90s.radio.pl
343136	znin.radio.pl
343138	rmfalternatywa.radio.pl
343139	radiozetgoldpoznan.radio.pl
343140	radiocentrumpl.radio.pl
343141	radio41pl.radio.pl
343142	proradio1.radio.pl
343143	planetafmmadeinpoland.radio.pl
343144	planetafmclubbing.radio.pl
343145	malbork.radio.pl
343146	jurapl.radio.pl
343148	eskaopole.radio.pl
343149	eskalublin.radio.pl
343150	eskakoszalin.radio.pl
343152	eskagorzow.radio.pl
343153	eskaelblag.radio.pl
343154	artradiobogatynia.radio.pl
343155	muzykalaczyludzi.radio.pl
343156	radioluz.radio.pl
343158	goscmiesiaca.radio.pl
343160	rmfbravo.radio.pl
343162	rmf50s.radio.pl
343164	kontrwywiad.radio.pl
343165	felietontomasza.radio.pl
343167	faktyrmffm.radio.pl
343168	zaradnairomantyczna.radio.pl
343169	poplista.radio.pl
343170	otymsiemowi.radio.pl
343171	kabaretmlodych.radio.pl
343172	stargard.radio.pl
343173	rmfdepechemode.radio.pl
343227	atlantisfm80s.radio.pl
343251	indietector.radio.pl
343261	fritz.radio.pl
343262	bheins.radio.pl
343290	skyradionl.radio.pl
343291	skyradio00shits.radio.pl
343299	1tedfinest.radio.pl
343314	grenzlandmusik.radio.pl
343317	foxbox.radio.pl
343326	familyradio.radio.pl
343435	dancefire.radio.pl
343442	vibrationclassichits.radio.pl
343444	my105allthehits.radio.pl
343446	rromuesigpur.radio.pl
343452	j-channel.radio.pl
343466	rouge90s.radio.pl
343499	rougerock.radio.pl
343504	rougefm.radio.pl
343555	kyq.radio.pl
343570	cbcpop40.radio.pl
343614	cbcadultpop.radio.pl
343652	cbccanadiansongwriters.radio.pl
343655	cbc80s.radio.pl
343656	cbcjukebox.radio.pl
343673	swisssh.radio.pl
343682	starlite.radio.pl
343716	knallerballa.radio.pl
343730	wam24live.radio.pl
343737	radiogruenweiss.radio.pl
343778	fm4.radio.pl
343816	gayalive.radio.pl
343827	rww.radio.pl
343935	n-joy.radio.pl
343940	faaz.radio.pl
344075	bbcradio5live.radio.pl
344077	greatesthitsmidlandsuk.radio.pl
344089	964eagle.radio.pl
344117	aradio00s.radio.pl
344122	xfmlondon.radio.pl
344148	abacusbeatles.radio.pl
344152	witney.radio.pl
344164	rockpopradio.radio.pl
344175	resonancefm.radio.pl
344176	hotradio.radio.pl
344177	bbcradio5livesports.radio.pl
344182	xfmmanchester.radio.pl
344203	hitradiorockyschlager.radio.pl
344243	wwzy.radio.pl
344265	lautfm-sound.radio.pl
344271	radio38wob.radio.pl
344278	wishfmil.radio.pl
344304	vintage875.radio.pl
344308	traxxradio.radio.pl
344312	6mm.radio.pl
344330	hitfmnp.radio.pl
344331	merofmnp.radio.pl
344335	mittendrin.radio.pl
344337	polskanatopie.radio.pl
344338	plusgdansk.radio.pl
344339	radioleliwapl.radio.pl
344340	bajkisamograjki.radio.pl
344344	polskapolskie.radio.pl
344347	eskagoraca20.radio.pl
344348	wawapolskiehity.radio.pl
344349	radiopluslodz.radio.pl
344351	famaslupsk.radio.pl
344352	radioeskawroclaw.radio.pl
344353	radioeskalodz.radio.pl
344354	radioeskatrojmiasto.radio.pl
344355	radioeskaszczecin.radio.pl
344356	radioeskaslask.radio.pl
344357	radioeskabydgoszcz.radio.pl
344359	hairtrendy.radio.pl
344360	pluszielona.radio.pl
344362	antyclassicrock.radio.pl
344363	planetafmrnb.radio.pl
344364	iloveradiopl.radio.pl
344365	radiozetklasykapop.radio.pl
344366	voxballads.radio.pl
344367	radiozetkids.radio.pl
344368	radiozetdance.radio.pl
344369	radiozet90.radio.pl
344370	radiozet2000.radio.pl
344371	eskalove.radio.pl
344372	eskadance.radio.pl
344373	radiozet80.radio.pl
344374	eskarockballads.radio.pl
344375	eskaonedirection.radio.pl
344376	eskaballads.radio.pl
344377	antyballads.radio.pl
344378	eskaalternative.radio.pl
344379	chillizetladies.radio.pl
344380	radiozetdobiegania.radio.pl
344381	chillizetdeep.radio.pl
344382	radiozetsmoothjazz.radio.pl
344383	radiozetrock.radio.pl
344384	radiozetpolskie.radio.pl
344385	radiozetparty.radio.pl
344386	radiozetosiecka.radio.pl
344387	radiozetlove.radio.pl
344388	radiozethits.radio.pl
344389	radiozetfilm.radio.pl
344390	radiozetclassicrock.radio.pl
344391	planetafmtrance.radio.pl
344392	planetafmabovebeyond.radio.pl
344393	eskarockwciezkimstanie.radio.pl
344394	eskarockreggae.radio.pl
344395	eskarockpolska.radio.pl
344396	eskarnb.radio.pl
344397	eskaparty.radio.pl
344398	eskalivermx.radio.pl
344399	eskaglobalista.radio.pl
344401	chillizetsoul.radio.pl
344402	chillizetjazz.radio.pl
344403	chillizetcovers.radio.pl
344404	antyhard.radio.pl
344405	planetafmhouse.radio.pl
344406	planetafmprogressive.radio.pl
344407	eskajustinbiber.radio.pl
344408	radiotekstyfm.radio.pl
344409	antygreatest.radio.pl
344410	antycovers.radio.pl
344411	radiozethot.radio.pl
344412	voxparty.radio.pl
344414	rzeszow.radio.pl
344416	planetafmgoulding.radio.pl
344417	polskadiscopolo.radio.pl
344418	eskailawa.radio.pl
344419	94i4fm.radio.pl
344420	polskiedetroit.radio.pl
344421	planetafmfestivale.radio.pl
344422	radio90pl.radio.pl
344423	rmfmichael.radio.pl
344424	rmfpiosenka.radio.pl
344426	rmfceltic.radio.pl
344429	rmfbaby.radio.pl
344430	wnet.radio.pl
344433	toksynaelektronika.radio.pl
344434	radiozetsoul.radio.pl
344435	radiovanessafm.radio.pl
344436	polskachillout.radio.pl
344437	polskaelectroh.radio.pl
344441	polskahouse.radio.pl
344443	polskastacjajazz.radio.pl
344444	polskaprzeboje.radio.pl
344447	polskatylkorock.radio.pl
344448	polskastacjadance.radio.pl
344449	polskasmooth.radio.pl
344450	polskarock.radio.pl
344452	polskamodernr.radio.pl
344453	polskahothouse.radio.pl
344454	polskahardrock.radio.pl
344456	polskaethno.radio.pl
344457	polskaeradisco.radio.pl
344458	polskaelektronika.radio.pl
344460	polskacountry.radio.pl
344464	antykatowice.radio.pl
344475	kiknfm.radio.pl
344507	fgdjradio.radio.pl
344523	vivaciteenconcert.radio.pl
344527	liegestation.radio.pl
344536	marcs.radio.pl
344550	plusglogow.radio.pl
344553	szczecin.radio.pl
344556	famatomaszow.radio.pl
344557	famakielce.radio.pl
344560	lublin.radio.pl
344565	dance4youfm.radio.pl
344567	zamosc.radio.pl
344568	podlasie.radio.pl
344569	radiofarapl.radio.pl
344570	chrzescijanin.radio.pl
344571	krdp.radio.pl
344572	viarze.radio.pl
344573	radiofiatpl.radio.pl
344574	katolickieciechanow.radio.pl
344576	krc.radio.pl
344590	bigrcoffeehouse.radio.pl
344603	kwpa-lp.radio.pl
344608	lautfm-totaloldies.radio.pl
344609	lautfm-veedelsradio.radio.pl
344612	lautfm-2live.radio.pl
344652	groovemix.radio.pl
344657	wrl.radio.pl
344660	lautfm-radiocampeiro.radio.pl
344684	bayern1nopf.radio.pl
344686	loramuenchen.radio.pl
344704	2702live.radio.pl
344731	ktlradio.radio.pl
344741	pulsstacjaglowny.radio.pl
344743	pulsstacjanocommerce.radio.pl
344744	pulsstacjadisco.radio.pl
344745	apaczdisco.radio.pl
344757	toksydeliapsytrance.radio.pl
344790	elkaglo.radio.pl
344830	abcdgoldhits.radio.pl
344928	hitradiorocky.radio.pl
344931	saarsoundexpress.radio.pl
344946	1967plus.radio.pl
344963	wqgr.radio.pl
344970	chcdixie.radio.pl
344975	rmfmuzykafilmowa.radio.pl
344978	rtsoundtracks.radio.pl
344988	bestbluesiknow.radio.pl
344989	polskablues.radio.pl
345008	radioer.radio.pl
345011	wydanieglowne.radio.pl
345012	janzaprasza.radio.pl
345015	wolnoscfinansowa.radio.pl
345016	wokolbiznesu.radio.pl
345017	strefabiznesu.radio.pl
345019	nietylkodlaorlow.radio.pl
345047	radioazzurraascolipiceno.radio.pl
345049	radioascoli.radio.pl
345124	amoreimigliorianni.radio.pl
345151	pennyitalien.radio.pl
345220	vintageit.radio.pl
345245	picoclassic.radio.pl
345278	ketchupit.radio.pl
345279	gammagioiosahits.radio.pl
345280	radioamorecampania.radio.pl
345284	polskaitalia.radio.pl
345309	vinylgodis.radio.pl
345329	srminnen.radio.pl
345337	radio1075.radio.pl
345339	vinyl107.radio.pl
345350	soundicradio.radio.pl
345361	dagnysjukebox.radio.pl
345364	sverigesp3.radio.pl
345365	rocket.radio.pl
345419	wqll.radio.pl
345477	wpro.radio.pl
345489	ndr1hannover.radio.pl
345503	a1mixradio.radio.pl
345541	lautfm-saalebeats.radio.pl
345549	radio2cr.radio.pl
345608	flammenpower.radio.pl
345656	klfr.radio.pl
345660	wjbq.radio.pl
345663	kissfmca.radio.pl
345681	rockradiopoprock.radio.pl
345693	wmfo.radio.pl
345702	waxi.radio.pl
345707	wxzo.radio.pl
345708	wpup.radio.pl
345726	nitro.radio.pl
345729	discomania.radio.pl
345760	skygr.radio.pl
345794	chromanature.radio.pl
345822	bigbradiokpop.radio.pl
345861	rtllounge.radio.pl
345884	nostalgianl.radio.pl
345925	shoutedmain.radio.pl
345930	rockradio1nl.radio.pl
345945	skyradiohits.radio.pl
345946	rtvrijnmond.radio.pl
345962	seaportfm.radio.pl
345963	lautfm-eldorado.radio.pl
345980	power.radio.pl
345981	hitmusicfm.radio.pl
345997	energyfmrotterdam.radio.pl
346035	rtn.radio.pl
346042	cbcsingersongwriter.radio.pl
346045	cbc70s.radio.pl
346049	toksynachill.radio.pl
346064	rtlradiolu2.radio.pl
346065	rtlluxemburg.radio.pl
346072	rtlradiode.radio.pl
346085	gayradiohits.radio.pl
346130	ndrblue.radio.pl
346131	radiohamburg.radio.pl
346136	sport1fm.radio.pl
346144	jonathanchannel.radio.pl
346240	abacuseasy70s.radio.pl
346243	wishfm.radio.pl
346285	bbcradio2.radio.pl
346299	polskiekatowice.radio.pl
346322	retroturk.radio.pl
346362	lautfm-ormesheim.radio.pl
346364	transreport.radio.pl
346369	crazyhits.radio.pl
346408	somsertanejo.radio.pl
346439	clubemadeira.radio.pl
346440	clubeaguiarense.radio.pl
346446	mafra.radio.pl
346449	sonsdasaudade.radio.pl
346493	top80fm.radio.pl
346494	sagresfm.radio.pl
346621	radio105classicsitaly.radio.pl
346649	maquina977.radio.pl
346681	cartaya.radio.pl
346683	cortegana.radio.pl
346704	casolomoucko.radio.pl
346729	wqun.radio.pl
346785	skyradiosummer.radio.pl
346801	brume.radio.pl
346909	sarawakfmmy.radio.pl
346916	2youfm889.radio.pl
346922	2yyyy.radio.pl
346933	coolfmabuja.radio.pl
346942	miamigobe.radio.pl
347014	retroradiodk.radio.pl
347018	skagafm.radio.pl
347019	drp6beat.radio.pl
347021	skalafmxmas.radio.pl
347026	sip4you.radio.pl
347027	bayern1schw.radio.pl
347078	bellevallee.radio.pl
347079	polskie2.radio.pl
347083	lautfm-oldies.radio.pl
347097	polskagothic.radio.pl
347113	rtl1025classic.radio.pl
347140	profmgoldro.radio.pl
347163	kkbjfm.radio.pl
347186	apop40fmweb.radio.pl
347220	sferikos.radio.pl
347229	hotfm1046.radio.pl
347230	heart1035fm.radio.pl
347262	atlantisrotterdam.radio.pl
347263	010fm.radio.pl
347288	89hitfmhitmixfm.radio.pl
347306	a1hd.radio.pl
347320	radiochabab.radio.pl
347322	farda.radio.pl
347340	metrofmtr.radio.pl
347355	felgueirasfm.radio.pl
347356	radioelvas.radio.pl
347473	exclusivafm.radio.pl
347494	bombradio.radio.pl
347497	sosradio.radio.pl
347501	radio1715.radio.pl
347589	mfmduos.radio.pl
347601	wtic-fm.radio.pl
347602	wili-fm.radio.pl
347618	lautfm-baustellenradio.radio.pl
347764	mmdansband.radio.pl
347779	novasavelradio.radio.pl
347814	hitradiostudio24.radio.pl
347816	antennenewhits.radio.pl
347902	globusguldaabenraa.radio.pl
347913	radioplayback.radio.pl
347943	altosuono.radio.pl
347968	coolahits.radio.pl
347986	wpvmlp.radio.pl
348007	pidi.radio.pl
348011	radiooberland.radio.pl
348034	aces.radio.pl
348059	kpkl.radio.pl
348103	fts.radio.pl
348175	cityit.radio.pl
348283	57chevy.radio.pl
348297	krxv.radio.pl
348302	jambestof.radio.pl
348432	friends4future.radio.pl
348436	italiana.radio.pl
348437	5uuv.radio.pl
348544	roadstar.radio.pl
348585	lautfm-gohappyfm.radio.pl
348590	radiogaia2.radio.pl
348652	polskielondyn.radio.pl
348659	kjulfm.radio.pl
348664	kzti.radio.pl
348665	kwnz.radio.pl
348732	hitconnectionradio.radio.pl
348781	radio5nostalgia.radio.pl
348786	compleetfm.radio.pl
348875	lautfm-sunnybeachradio.radio.pl
348876	lautfm-coolmusic.radio.pl
348892	massivedance.radio.pl
349005	lautfm-oldieradiogermany.radio.pl
349006	lautfm-radioholdenstedt.radio.pl
349007	lautfm-antenneoldies.radio.pl
349010	lautfm-uhgef.radio.pl
349072	movehits.radio.pl
349126	mixfmsa.radio.pl
349150	profetopl.radio.pl
349157	cdbtszar.radio.pl
349201	607080.radio.pl
349204	oldradioweb.radio.pl
349221	iskelmaaikakone.radio.pl
349229	lautfm-newblueranch.radio.pl
349280	dragonflame.radio.pl
349294	lautfm-back2the90s.radio.pl
349295	lautfm-antennewitten.radio.pl
349331	klfmau.radio.pl
349332	hamro.radio.pl
349339	3gcr.radio.pl
349372	radio100skander.radio.pl
349383	globusguldroemoe.radio.pl
349386	globusguldgrindsted.radio.pl
349414	drp4esbjerg.radio.pl
349481	nostalgiebelgrad.radio.pl
349483	laradioelectro.radio.pl
349487	extremhit.radio.pl
349488	easyradio.radio.pl
349494	hajer.radio.pl
349505	lautfm-funboxx.radio.pl
349519	lrfhits.radio.pl
349580	kkrb.radio.pl
349593	radiohenstedtulzburg.radio.pl
349637	pulse2.radio.pl
349638	hermitagefm.radio.pl
349674	181fmparty181.radio.pl
349709	muzyczneradio.radio.pl
349720	skyradiomk.radio.pl
349724	lautfm-ndsmusicaghitradio.radio.pl
349727	wybz.radio.pl
349728	wrro.radio.pl
349732	wgtz.radio.pl
349733	wgrr.radio.pl
349734	wwohlp.radio.pl
349737	italiaanni60.radio.pl
349754	powerhitstx.radio.pl
349853	brunotoscana.radio.pl
349874	morefmhastings.radio.pl
349889	fav.radio.pl
349920	lautfm-lifeloungerradio.radio.pl
349923	heartcrawleyuk.radio.pl
349936	radioalfasilkeborg.radio.pl
349943	novafmaarhus.radio.pl
349946	radioalfadk.radio.pl
349950	radio19.radio.pl
349973	kbew.radio.pl
6312974	soulhomefashion.blogspot.de
6312975	www.vivaconagua.co.uk
6320539	www.radio.se
6320540	www.radio.pt
6320541	www.radio.pl
6320542	www.radio.it
6320543	www.radio.fr
6320544	www.radio.es
6320545	www.radio.dk
6320546	www.radio.at
6320547	www.radio.de
