0	www.rhythmtots.co.uk
3006870	www.ruthmontgomery.co.uk
3006868	www.thisbsl.co.uk
3006869	ibmi2011.blogspot.co.uk
3006871	www.decibels.org.uk
3006873	www.mofl.co.uk
4363030	www.maryhare.org.uk
4424127	www.singinghands.co.uk
3336462	maps.google.co.uk
3379879	www.circleofsound.co.uk
3781981	www.michaelberkeley.co.uk
4243818	www.roehampton.ac.uk
4248064	www.senmagazine.co.uk
2772987	www.evelyn.co.uk
3006872	mofl.co.uk
3711001	www.conservatoire.bcu.ac.uk
3991610	www.armonico.org.uk
3998195	www.osj.org.uk
4238649	www.winchester-cathedral.org.uk
4243399	www.ram.ac.uk
4246816	www.rnib.org.uk
4247424	www.surreycc.gov.uk
4247757	www.artscouncil.org.uk
4248968	www.treloar.org.uk
4626930	www.steppingstones.org.uk
4363028	www.maryharefoundation.org.uk
4363033	tribalsystems.uk
4363035	www.hars.co.uk
4363036	www.arlingtonlabs.co.uk
2681377	www.fullers.co.uk
3177667	www.shootingstar.org.uk
3429785	www.gosh.camden.sch.uk
4051635	www.chasecare.org.uk
4246772	www.nurseryworld.co.uk
4246871	www.ndcs.org.uk
4246884	www.bbc.co.uk
4247024	www.literacytrust.org.uk
4414371	www.downs-syndrome.org.uk
4414397	www.cafamily.org.uk
4414755	www.babycentre.co.uk
4414864	www.ican.org.uk
4424125	www.metooandco.org.uk
4424128	www.downsyndrome.org.uk
4611579	www.teachingexhibitions.co.uk
2685146	casinclude.org.uk
2761664	youtube-global.blogspot.co.uk
2761673	www.crosscode.co.uk
2761674	gmangham.blogspot.co.uk
2761676	squirmybeast.co.uk
2761677	www.doubleclick.co.uk
2761678	www.postini.co.uk
2761680	www.cr3ative.co.uk
2761682	www.generatinggenius.org.uk
2778481	picasa.google.co.uk
2969566	www.contextis.co.uk
3885802	www.jellyfish.co.uk
3932014	www.periscopix.co.uk
3932387	www.iprospect.co.uk
4031695	www.tomanthony.co.uk
4096965	www.very.co.uk
4138139	www.thinkwithgoogle.co.uk
4162077	www.quality.co.uk
4180793	www.elisa-dbi.co.uk
4180794	www.conversionworks.co.uk
4219392	www.kidsmart.org.uk
4219844	www.thinkuknow.co.uk
4229584	www.codeclub.org.uk
4229688	images.google.co.uk
4231397	adwords.google.co.uk
4232174	www.parentport.org.uk
4238670	www.towerbridge.org.uk
4240665	www.thisislondon.co.uk
4241573	www.bcot.ac.uk
4242259	www.amazon.co.uk
4244351	books.google.co.uk
4246053	www.pcworld.co.uk
4246489	www.google.co.uk
4246787	www.networkrail.co.uk
4246906	news.bbc.co.uk
4247085	www.dcsf.gov.uk
4247089	www.parliament.uk
4247753	www.nationalarchives.gov.uk
4247758	www.ico.gov.uk
4247872	www.ceop.police.uk
4247886	www.adviceguide.org.uk
4249039	www.argos.co.uk
4249319	www.smallpeicetrust.org.uk
4250459	www.mediasmart.org.uk
4251347	www.bitdefender.co.uk
4414322	familylives.org.uk
4502415	argos.co.uk
3380518	www.all2gether.org.uk
4145615	www.rocknrolltowncrier.co.uk
4231311	www.enham.org.uk
4236661	www.universalteacher.org.uk
4239800	www.bbowt.org.uk
4361153	www.rock-n-reel.co.uk
10184	www.boothbooks.co.uk
2884370	www.meridian-records.co.uk
3446090	www.nationaloperastudio.org.uk
3460421	www.celebratingenglishsong.co.uk
3473749	www.momawales.org.uk
3566713	www.bnmf.co.uk
3580992	www.emmajohnson.co.uk
3599958	www.cheltmusicsoc.co.uk
3672294	www.lennoxberkeley.org.uk
3680068	www.wyastone.co.uk
3781360	classicalear.co.uk
3781783	www.berkeleyensemble.co.uk
3781946	www.georgevass.co.uk
3781960	www.champshillrecords.co.uk
3781966	www.nashensemble.org.uk
3781982	www.foxborough.co.uk
3781983	www.classicarts.co.uk
3782151	www.lsc.org.uk
3782263	www.spitalfieldsfestival.org.uk
3991700	www.makingmusic.org.uk
3995213	www.artfirst.co.uk
4001774	www.brassclassics.co.uk
4002649	nicholasdaniel.co.uk
4002658	www.leicesterinternationalmusicfestival.org.uk
4013821	www.grassington-festival.org.uk
4183548	www.jcos.co.uk
4230032	www.sco.org.uk
4231153	www.sjss.org.uk
4231163	www.hcmf.co.uk
4231903	www.stpaulsschool.org.uk
4236078	www.charleston.org.uk
4236393	www.rsno.org.uk
4236400	www.nmcrec.co.uk
4236404	www.wigmore-hall.org.uk
4236411	lso.co.uk
4236431	www.spitalfieldsmusic.org.uk
4240346	www.telegraph.co.uk
4244328	www.kings.cam.ac.uk
4244446	www.queens.ox.ac.uk
4245245	www.roh.org.uk
4246867	www.publications.parliament.uk
4247726	www.phf.org.uk
4249207	www.faber.co.uk
4251177	www.nyo.org.uk
4317624	www.eso.co.uk
4362397	www.cheltenhamtownhall.org.uk
4373049	www.leedsartgallery.co.uk
4429271	www.tetburymusicfestival.org.uk
4451739	www.northernballettheatre.co.uk
4452066	www.chilingirianquartet.co.uk
4463492	www.westminstercathedral.org.uk
4491648	www.metronome.co.uk
4554760	www.onyxbrass.co.uk
13239	www.ncrcl.ac.uk
2589363	www.mikedevenney.org.uk
2695286	employer.roehampton.prospects.ac.uk
2697532	www.smallstepsguide.co.uk
2700047	www.marcopereira.co.uk
2700141	www.nutritionprogram.co.uk
2777006	www.partnershipsuk.org.uk
2781262	www.postmanspark.org.uk
2781887	www.parksteadhouse.co.uk
2781888	www.grovehouseroehampton.co.uk
2788707	bcs.org.uk
2803051	www.trilt.ac.uk
2803275	www.ciol.org.uk
2829959	hockliffe.dmu.ac.uk
2850746	www.theiet.org.uk
2935205	www.brantwood.org.uk
2940737	gaywisefestival.org.uk
2941347	www.bankofenglandsportscentre.co.uk
2957866	www.ukadia.ac.uk
2974902	www.managementcontrolassociation.ac.uk
2981481	www.switchperformance.co.uk
2986942	www.earlyyearseducator.co.uk
2999780	www.ecpdwebinars.co.uk
3098987	www.marxandphilosophy.org.uk
3136717	www.faircare.co.uk
3190997	www.arla.co.uk
3191181	www.naea.co.uk
3202653	www.philosophypress.co.uk
3229553	www.journalismuk.co.uk
3276539	athenatrickster.blogspot.co.uk
3276540	owning-myth.blogspot.co.uk
3279828	worldview.cba.org.uk
3288334	www.caribbeanseabirds.org.uk
3288335	www.puffinisland.org.uk
3289645	www.3dami.org.uk
3294908	www.subtitlers.org.uk
3297939	newreelfilms.co.uk
3301558	m.vehicles-transport-equipment.europages.co.uk
3319035	www.chesterton.wandsworth.sch.uk
3345432	www.chezshaw.demon.co.uk
3349051	www.philosophy.sas.ac.uk
3373647	eprints.ioe.ac.uk
3394143	www.michaelob.co.uk
3406361	www.ctagb.org.uk
3409732	www.invent.org.uk
3410574	www.chameleonnet.co.uk
3429699	www.waldegrave.richmond.sch.uk
3429747	www.fox.rbkc.sch.uk
3429977	www.lampton.hounslow.sch.uk
3430207	www.lampton.org.uk
3430591	www.re-skill.org.uk
3452191	www.biosciences-labs.bham.ac.uk
3467974	www.hayesparkschool.co.uk
3474620	www.southwarkforjesus.org.uk
3499677	designinparliament.org.uk
3529936	shop.bfi.org.uk
3548094	www.dwlib.co.uk
3549159	www.hplus.org.uk
3551464	www.biblesociety.org.uk
3551639	www.ctslondon.org.uk
3552108	www.keepthefaith.co.uk
3589849	www.market-me.co.uk
3607498	www.embodiedpractice.co.uk
3607499	www.becomingbodies.blogspot.co.uk
3675522	www.dance-archives.ac.uk
3714914	www.unitemps.co.uk
3795092	www.biapt.org.uk
3805047	www.ukbi.co.uk
3834161	ws1.roehampton.ac.uk
3847016	www.agespotsandspotlights.blogspot.co.uk
3855721	www.lsjs.ac.uk
3871055	www.sixt.co.uk
3879306	www.methuen.co.uk
3895126	www.oakland.co.uk
3897810	roehampton.prospects.ac.uk
3898886	www.avenue.sutton.sch.uk
3922536	thesnugg.co.uk
3944978	www.wallflowerpress.co.uk
3989520	bob.roehampton.ac.uk
3989902	www.cambridge-arthritis.org.uk
3998740	www.thersa.org.uk
4002920	sfx.lboro.ac.uk
4003605	www.riversacademy.org.uk
4003606	www.sweltec.ac.uk
4051460	www.forster-heighes.org.uk
4052207	www.tomstone.co.uk
4056825	www.greycourt.richmond.sch.uk
4060236	www.rplc.org.uk
4060341	www.frp.org.uk
4122338	www.haranczaknavarre.co.uk
4122359	www.thisisperformancematters.co.uk
4122360	thisisperformancematters.co.uk
4122364	thisisunbound.co.uk
4132027	www.cyclescheme.co.uk
4147461	www.ridgewayprimaryschool.org.uk
4150733	www.dmap.co.uk
4159811	www.centrefordeaf.org.uk
4160199	genderandset.open.ac.uk
4167643	collections-search.bfi.org.uk
4167644	www.techne.ac.uk
4175465	www.dineoncampus.co.uk
4184656	computingatschool.org.uk
4186528	www.wingate.org.uk
4190525	www.erff.org.uk
4193660	mirandanet.ac.uk
4195830	proteomics.bio.cam.ac.uk
4195955	www.ouw.co.uk
4199190	www.xproexperts.co.uk
4223373	www.marcfitchfund.org.uk
4223374	hearthtax.org.uk
4223376	www.hearthtax.org.uk
4223378	embodyingloss.blogspot.co.uk
4223379	www.attachment-courses-direct.co.uk
4223380	estore.roehampton.ac.uk
4223381	www.embodyingloss.blogspot.co.uk
4227985	www.panoply.org.uk
4229583	core.roehampton.ac.uk
4229794	www.cptheatre.co.uk
4230422	www.the-environment-council.org.uk
4230484	www.seriousgamesinstitute.co.uk
4230499	www.newcontemporaries.org.uk
4230775	www.chisenhaledancespace.co.uk
4231030	www.timeout.co.uk
4231064	readers.penguin.co.uk
4231084	www.literaryreview.co.uk
4231088	www.writersservices.co.uk
4231275	www.virginballoonflights.co.uk
4231555	www.wpcc.org.uk
4231575	www.naturalhydrationcouncil.org.uk
4231582	filmstore.bfi.org.uk
4231705	etheses.dur.ac.uk
4231764	www.cs.st-andrews.ac.uk
4231926	public-art.shu.ac.uk
4232358	www.bookworks.org.uk
4233747	www.langsci.ucl.ac.uk
4233975	ics.leeds.ac.uk
4234082	www.infinities.co.uk
4234252	www.scudd.org.uk
4234312	www.sid.cam.ac.uk
4234535	www.photolondon.org.uk
4234629	www.cscuk.org.uk
4234699	www.scope.nottingham.ac.uk
4234970	www.dunraven.org.uk
4235570	www.claire.co.uk
4235691	www.hmrc.gov.uk
4235978	www.philips.co.uk
4236008	www.greenimpact.org.uk
4236197	www.churchtimes.co.uk
4236435	www.mpaonline.org.uk
4236438	www.trinitylaban.ac.uk
4236527	old.bfi.org.uk
4236534	www.institut-francais.org.uk
4236593	finds.org.uk
4236615	ihr.sas.ac.uk
4236895	www.acf.org.uk
4236943	www.thepilgrimtrust.org.uk
4236998	www.onenortheast.co.uk
4237052	www.workingmums.co.uk
4237130	www.entrepreneurhandbook.co.uk
4237347	www.zoopla.co.uk
4237900	www.thenorthernecho.co.uk
4237932	www.wandsworthguardian.co.uk
4238328	www.photonet.org.uk
4238825	www.emda.org.uk
4238891	www.ifs.org.uk
4238896	www.bfi.org.uk
4238898	www.nationalgallery.org.uk
4238906	www.ncvo-vol.org.uk
4239047	www.snh.org.uk
4239090	www.berr.gov.uk
4239135	www.managers.org.uk
4239388	www.ipo.gov.uk
4239415	www.designcouncil.org.uk
4239512	www.hie.co.uk
4239645	www.eeda.org.uk
4240292	newhumanist.org.uk
4240488	www.lrb.co.uk
4240550	books.guardian.co.uk
4240565	www.prospectmagazine.co.uk
4240579	www.timesonline.co.uk
4240602	ampp3d.mirror.co.uk
4240607	www.thesundaytimes.co.uk
4240612	www.thefword.org.uk
4240618	blogs.telegraph.co.uk
4240619	blogs.independent.co.uk
4240640	www.huffingtonpost.co.uk
4240725	www.commonpurpose.org.uk
4240762	www.lwbooks.co.uk
4241002	www.kipling.org.uk
4241031	www.voice-online.co.uk
4241099	www.broadcastnow.co.uk
4241321	www.british-history.ac.uk
4241327	www.hiddenlives.org.uk
4241462	ecctis.co.uk
4241494	johnjohnson.chadwyck.co.uk
4241562	www.afpe.org.uk
4241653	www.cse.dmu.ac.uk
4242118	www.nationalmediamuseum.org.uk
4242263	www.nfer.ac.uk
4242274	www.eventbrite.co.uk
4242275	www.keele.ac.uk
4242282	www.rmg.co.uk
4242451	www.thetimes.co.uk
4242452	www.tate.org.uk
4242453	www.vam.ac.uk
4242454	www.nhm.ac.uk
4243259	www.ica.org.uk
4243278	www.wcmt.org.uk
4243280	www.targetjobs.co.uk
4243340	www.therai.org.uk
4243348	www.rensoc.org.uk
4243354	www.rlf.org.uk
4243369	www.humanities.manchester.ac.uk
4243383	www.mrc.ac.uk
4243384	www.lancaster.ac.uk
4243409	www.ull.ac.uk
4243434	www.copac.ac.uk
4243444	www.screenonline.org.uk
4243445	www.bufvc.ac.uk
4243448	www.dsa-qag.org.uk
4243460	scholar.google.co.uk
4243476	www.nc3rs.org.uk
4243489	www.access.sconul.ac.uk
4243492	www.naric.org.uk
4243496	sounds.bl.uk
4243499	in-tendhost.co.uk
4243500	www.vads.ac.uk
4243502	www.bl.uk
4243507	www.seda.ac.uk
4243509	www.dius.gov.uk
4243517	zetoc.mimas.ac.uk
4243522	www.health.heacademy.ac.uk
4243523	www.intellectbooks.co.uk
4243524	www.meccsa.org.uk
4243526	bucks.ac.uk
4243527	www.uwl.ac.uk
4243533	extra.shu.ac.uk
4243538	www.insidecareers.co.uk
4243546	www.ima.org.uk
4243552	www.era.org.uk
4243560	blogs.heacademy.ac.uk
4243561	www.cim.co.uk
4243576	arts.brighton.ac.uk
4243580	www.ahds.ac.uk
4243585	www.suncat.ac.uk
4243595	www.open.ac.uk
4243600	www.manchesteruniversitypress.co.uk
4243607	blogs.kent.ac.uk
4243611	archiveshub.ac.uk
4243612	portico.bl.uk
4243613	ukdataservice.ac.uk
4243614	www.esds.ac.uk
4243616	www.swan.ac.uk
4243617	sciencewithoutborders.international.ac.uk
4243629	www.hull.ac.uk
4243630	www.slc.co.uk
4243631	www.tees.ac.uk
4243638	www.eauc.org.uk
4243655	www.kingston.ac.uk
4243657	www.cardiff.ac.uk
4243658	www.ucl.ac.uk
4243668	www.rdinfo.org.uk
4243671	www2.lse.ac.uk
4243674	www.bases.org.uk
4243678	www.studentfinanceni.co.uk
4243679	www.fulbright.org.uk
4243687	www.ics.heacademy.ac.uk
4243691	escalate.ac.uk
4243693	www.skill.org.uk
4243701	www.scholarship-search.org.uk
4243702	www.cla.co.uk
4243706	www.bathspa.ac.uk
4243708	www.saas.gov.uk
4243710	www.studentfinancewales.co.uk
4243711	ethos.bl.uk
4243714	www.sconul.ac.uk
4243716	bufvc.ac.uk
4243720	www.ukcisa.org.uk
4243737	www.scit.wlv.ac.uk
4243738	www.postgraduatestudentships.co.uk
4243742	www.londonmet.ac.uk
4243744	www.ioe.ac.uk
4243745	www.sussex.ac.uk
4243746	www.jisc.ac.uk
4243747	www.city.ac.uk
4243748	www.bristol.ac.uk
4243749	www.bangor.ac.uk
4243750	www.uea.ac.uk
4243751	www.lshtm.ac.uk
4243753	www.brunel.ac.uk
4243755	www.reading.ac.uk
4243756	www2.warwick.ac.uk
4243757	www.essex.ac.uk
4243761	www.birmingham.ac.uk
4243762	www.history.ac.uk
4243764	www.data-archive.ac.uk
4243765	www.britsoc.co.uk
4243767	www.publicengagement.ac.uk
4243769	www.leverhulme.ac.uk
4243770	www.qaa.ac.uk
4243771	www.bbsrc.ac.uk
4243773	www.ahrc.ac.uk
4243775	www.epsrc.ac.uk
4243776	www.universitiesuk.ac.uk
4243777	www.nerc.ac.uk
4243778	www.jobs.ac.uk
4243780	www.gla.ac.uk
4243781	cscuk.dfid.gov.uk
4243782	www.thestudentroom.co.uk
4243784	www.kcl.ac.uk
4243785	www.ox.ac.uk
4243786	www.britac.ac.uk
4243787	www2.le.ac.uk
4243789	www.ed.ac.uk
4243792	www.timeshighereducation.co.uk
4243796	www.soas.ac.uk
4243797	www.leeds.ac.uk
4243798	www.bbk.ac.uk
4243800	www.dundee.ac.uk
4243803	www.prospects.ac.uk
4243808	www.sheffield.ac.uk
4243810	www.exeter.ac.uk
4243812	www.wellcome.ac.uk
4243822	www.brookes.ac.uk
4243825	www.surrey.ac.uk
4243826	www.rcuk.ac.uk
4243827	www.hefce.ac.uk
4243831	www.ucas.ac.uk
4243832	www.thecompleteuniversityguide.co.uk
4243833	www.stfc.ac.uk
4243835	www.qub.ac.uk
4243836	www.edgehill.ac.uk
4243837	www.manchester.ac.uk
4243842	www.le.ac.uk
4243844	www.socresonline.org.uk
4243845	www.nottingham.ac.uk
4243847	www.mdx.ac.uk
4243849	www.strath.ac.uk
4243850	www.aber.ac.uk
4243854	www.southampton.ac.uk
4243855	www.st-andrews.ac.uk
4243857	www.bris.ac.uk
4243862	www.esrc.ac.uk
4243876	www.policypress.co.uk
4243880	www.ase.org.uk
4243884	www.rba.co.uk
4243888	studentzone.roehampton.ac.uk
4243904	www.bodley.ox.ac.uk
4243938	www.census.ac.uk
4243974	www.ppls.ed.ac.uk
4243990	www.ukro.ac.uk
4243991	www.law.cf.ac.uk
4243995	bejlt.brookes.ac.uk
4244028	www.internationalstaff.ac.uk
4244030	library.bcu.ac.uk
4244051	www.mcgraw-hill.co.uk
4244068	ota.ahds.ac.uk
4244069	www.lagb.org.uk
4244071	www.baal.org.uk
4244089	www.creativeworkslondon.org.uk
4244110	dera.ioe.ac.uk
4244140	www.edeandravenscroft.co.uk
4244141	www.bam.ac.uk
4244196	library.wellcome.ac.uk
4244197	www.arlis.org.uk
4244249	www.nla.co.uk
4244260	jiscmediahub.ac.uk
4244280	wok.mimas.ac.uk
4244330	www.med.cam.ac.uk
4244365	ora.ouls.ox.ac.uk
4244375	www.education.ox.ac.uk
4244448	www.keble.ox.ac.uk
4244510	www.bodleian.ox.ac.uk
4244524	bubl.ac.uk
4244526	parlipapers.chadwyck.co.uk
4244568	census.ac.uk
4244569	census.ukdataservice.ac.uk
4244579	www.iol.org.uk
4244601	www.sed.qmul.ac.uk
4244618	www.leverhulme.org.uk
4244657	www.maths.qmul.ac.uk
4244717	www.bcs.org.uk
4244774	www.bna.org.uk
4244796	pure.rhul.ac.uk
4244811	www.sfengland.slc.co.uk
4244812	www.heythrop.ac.uk
4244815	widget.unistats.ac.uk
4244877	www.leverhulme-trade.org.uk
4244890	planetearth.nerc.ac.uk
4244916	lion.chadwyck.co.uk
4244934	www.ies.sas.ac.uk
4244935	ies.sas.ac.uk
4244942	events.sas.ac.uk
4244943	warburg.sas.ac.uk
4244944	www.search25.ac.uk
4244949	www.m25lib.ac.uk
4244956	www.aim25.ac.uk
4244958	www.iti.org.uk
4244964	careers.guardian.co.uk
4244975	www.bars.ac.uk
4244981	www.bsls.ac.uk
4244983	www.green-impact.org.uk
4244992	www.ukpass.ac.uk
4244999	www.chart.ac.uk
4245132	www.sd-research.org.uk
4245173	www.fft.org.uk
4245248	www.nationaltheatre.org.uk
4245328	www.artsadmin.co.uk
4245399	www.writewords.org.uk
4245455	www.advantagewm.co.uk
4245483	www.evenbreak.co.uk
4245656	www1.uea.ac.uk
4245759	creative-blueprint.co.uk
4245833	www.prisonerseducation.org.uk
4245835	www.koestlertrust.org.uk
4245836	www.sova.org.uk
4245856	www.ballet.org.uk
4246046	www.hm-treasury.gov.uk
4246049	www.cipd.co.uk
4246189	www.wwt.org.uk
4246217	www.ecocampus.co.uk
4246488	www.crac.org.uk
4246601	www.spareroom.co.uk
4246657	www.dft.gov.uk
4246674	www.jobsite.co.uk
4246716	www.rightmove.co.uk
4246809	www.dyslexiaaction.org.uk
4246810	www.bda.org.uk
4246815	www.direct.gov.uk
4246820	www.defra.gov.uk
4246843	www.tcv.org.uk
4246855	www.csv.org.uk
4246869	www.actiononhearingloss.org.uk
4246873	www.food.gov.uk
4246876	www.autism.org.uk
4246881	www.mind.org.uk
4246886	www.jrf.org.uk
4246887	www.livingstreets.org.uk
4246893	content.met.police.uk
4246895	www.bps.org.uk
4246905	www.justice.gov.uk
4246907	www.sepa.org.uk
4246908	www.bdadyslexia.org.uk
4246920	www.charitychoice.co.uk
4247029	www.royalparks.org.uk
4247047	www.tfl.gov.uk
4247067	www.fairtrade.org.uk
4247071	www.nesta.org.uk
4247072	www.york.ac.uk
4247078	www.scie-socialcareonline.org.uk
4247083	www.london.gov.uk
4247088	www.education.gov.uk
4247468	www.cityoflondon.gov.uk
4247472	www.wandsworth.gov.uk
4247624	www.hlf.org.uk
4247631	new.wales.gov.uk
4247635	www.ons.gov.uk
4247745	www.do-it.org.uk
4247810	www.turn2us.org.uk
4247994	www.nalscheme.co.uk
4248013	www.prisonreformtrust.org.uk
4248203	www.tsrc.ac.uk
4248568	capitadiscovery.co.uk
4248749	www.early-education.org.uk
4248767	www.eic-uk.co.uk
4249075	www.theory.org.uk
4249090	www.booktrust.org.uk
4249091	www.sla.org.uk
4249162	www.dcleisurecentres.co.uk
4249205	www.nawe.co.uk
4249314	www.stemdirectories.org.uk
4249518	rae.ac.uk
4249564	www.arec.org.uk
4250270	www.bfss.org.uk
4250283	www.zedbooks.co.uk
4250866	www.raphael-samuel.org.uk
4251115	www.sevenstories.org.uk
4251154	www.beazley.ox.ac.uk
4251244	www2.eng.cam.ac.uk
4251274	store.london.ac.uk
4251307	www.kc-jones.co.uk
4251710	studyabroad.roehampton.ac.uk
4252343	arc.tees.ac.uk
4253396	www.startupdonut.co.uk
4255050	www.annualreports.co.uk
4257829	www.ffwg.org.uk
4259138	www.britishpamphlets.org.uk
4260009	akademi.co.uk
4260032	www.independentdance.co.uk
4262499	adshe.org.uk
4264895	solicitors.lawsociety.org.uk
4268185	www.oxfordstreet.co.uk
4277935	www.startups.co.uk
4290709	www.19.bbk.ac.uk
4302169	www.e2films.co.uk
4331285	freeassociations.org.uk
4331287	oddfish.co.uk
4332107	artsonfilm.wmin.ac.uk
4332826	theactofkilling.co.uk
4338419	www.jobseeker.co.uk
4356524	www.praxiscourses.org.uk
4389811	nightline.org.uk
4413300	ctru.leeds.ac.uk
4413616	www.scope.org.uk
4413767	www.rcpch.ac.uk
4414411	www.bacp.co.uk
4414435	www.mentalhealthcare.org.uk
4414443	www.mssociety.org.uk
4414734	www.evidence.nhs.uk
4414751	www.nhs.uk
4414820	www.employ-ability.org.uk
4414826	www.rad.org.uk
4419431	www.diabetes.org.uk
4419433	www.arthritiscare.org.uk
4420604	www.dh.gov.uk
4428209	www.harmoni.co.uk
4431231	www.accaglobal.co.uk
4450565	behindthebookshelf.co.uk
4459972	www.roehamptonstudentpad.co.uk
4462704	www.societysacredheart.org.uk
4463460	www.catholic-ew.org.uk
4463461	www.cafod.org.uk
4463476	www.catholic-library.org.uk
4463600	brs-ccrs.org.uk
4463663	www.sacredhearthighschoolhammersmith.org.uk
4466729	educationaldevelopment.liverpool.ac.uk
4476934	www.arciss.ac.uk
4495145	www.missendencentre.co.uk
4502156	www.kaleidoscope.org.uk
4529013	www2.roehampton.ac.uk
4529014	rrsc13.blogspot.co.uk
4555685	www.shannontrust.org.uk
4555905	afi.chadwyck.co.uk
4555906	fii.chadwyck.co.uk
4572688	www.personalise.co.uk
4578444	www.cevi.org.uk
4597729	booksforkeeps.co.uk
4598512	www.giveabook.org.uk
4599268	www.bbka.org.uk
4603967	www.froebeltrust.org.uk
4605396	naace.co.uk
4613967	www.chronicleofprotest-thefilm.co.uk
4628534	www.barnesworkhousefund.org.uk
4629472	www.hea.org.uk
4632300	www.antennae.org.uk
4633295	www.poetrylibrary.org.uk
4633443	poetrywales.co.uk
4633531	www.sentinelpoetry.org.uk
4633823	www.knivesforksandspoonspress.co.uk
4633847	www.gylphi.co.uk
4639375	www.musicandphilosophy.ac.uk
4640152	www.pathcal.ac.uk
4659855	leibnizlab.co.uk
4665322	accommodation.roehampton.ac.uk
4685251	dec.bmth.ac.uk
4713212	marianstudies.ac.uk
4713213	mariaantoniagarciadeleon.blogspot.co.uk
4713214	www.whatacircus.blogspot.co.uk
4713215	www.grad-careers.co.uk
4713216	myth-autism.blogspot.co.uk
4713217	www.attachmentrelationships.co.uk
4713218	www.meaningofthechild.co.uk
1808320	www.magicwordstherapy.co.uk
1808322	www.networkautism.org.uk
1808323	www.tessenshow.co.uk
2285884	www.chilterntutorial.co.uk
2717459	www.stroses.org.uk
2779565	www.actionhearingloss.org.uk
2793671	www.specialneedsjungle.co.uk
2813735	www.crownhouse.co.uk
2831935	www.mikeayresdesign.co.uk
2831938	www.sensible-educationservices.co.uk
2836825	www.oakleighschool.co.uk
2919939	fernup.dorset.sch.uk
2927151	www.autismoxford.org.uk
2950576	www.st-christophers.bristol.sch.uk
2955922	www.inspiredfoundations.co.uk
3007664	www.nasschools.org.uk
3007671	www.hesleygroup.co.uk
3096673	www.yoga2calm.co.uk
3101134	www.adhdlancashire.co.uk
3105119	www.welcombe-hills.co.uk
3139885	www.beechwoodcollege.co.uk
3153007	www.acorncare.co.uk
3188884	www.ellisoneducation.co.uk
3212608	www.learning-works.org.uk
3234846	www.collegeofteachers.ac.uk
3239942	www.talkingbirds.co.uk
3273475	www.senteq.co.uk
3284561	framework.thedyslexia-spldtrust.org.uk
3286653	www.suttoncoldfieldhypnotherapy.co.uk
3295749	www.sheilingschool.org.uk
3319244	www.ruthbirnbaum.co.uk
3319248	www.northantsdyslexia.co.uk
3319251	www.arkellcentre.org.uk
3320096	www.amc2.co.uk
3355343	www.buzz.org.uk
3393008	shop.nuance.co.uk
3396430	www.movingandhandlingpeople.co.uk
3398212	www.hilaryhawkes.co.uk
3416263	www.fieldfarekielderchallenge.org.uk
3430123	nrhs.redbridge.sch.uk
3460413	www.unistage.co.uk
3468278	www.st-johnfisher.tameside.sch.uk
3476126	scope.org.uk
3530513	www.firstandbest.co.uk
3530548	www.dyscalculia.me.uk
3530634	www.concept-training.co.uk
3579135	www.edenlearningspaces.co.uk
3614988	www.gosden-house.surrey.sch.uk
3615717	thinkoutsideofthecardboardbox.blogspot.co.uk
3641756	www.talk4meaning.co.uk
3647464	www.cplondon.org.uk
3649235	www.springfields.wilts.sch.uk
3659878	www.peoplefirsteducation.co.uk
3668539	www.specialyoga.org.uk
3672335	www.henshaws.ac.uk
3790556	www.stevechinn.co.uk
3793754	www.spdsupport.org.uk
3795800	www.dyspraxia-ed.co.uk
3797941	www.pmguk.co.uk
3801680	www.pdacontact.org.uk
3871232	www.capitaresourcing.co.uk
3930983	www.iicshow.co.uk
3952561	www.bravehearteducation.co.uk
4017019	www.edgeservices.co.uk
4029561	www.uniquekidzandco.org.uk
4029632	www.loyneschool.org.uk
4052864	www.selt.org.uk
4053397	www.puzzlecentre.org.uk
4053524	www.national.slam.nhs.uk
4056107	www.crested.org.uk
4056108	www.fairleyhouse.org.uk
4085412	www.sedfa.co.uk
4112384	www.disabilitysportscoach.co.uk
4113610	www.successinschools.co.uk
4117507	www.stevemccabe-mp.org.uk
4129548	saxonhill.staffs.sch.uk
4148962	www.parentpartnershipdevon.org.uk
4151901	bridges4learning.co.uk
4155723	learningnetwork.childrensfoodtrust.org.uk
4158458	www.pdasociety.org.uk
4163175	biomed.science.ulster.ac.uk
4165513	dyscovery.southwales.ac.uk
4175187	www.standingupforjames.co.uk
4175193	www.appga.org.uk
4175218	www.autismdevelopment.co.uk
4184379	www.playtherapyregister.org.uk
4184388	www.playtherapy.org.uk
4186161	www.psychology.brookes.ac.uk
4186536	www.eenet.org.uk
4186858	www.wrightandwright.co.uk
4201836	www.birtenshaw.org.uk
4209927	www.songunite.co.uk
4211789	www.cerebralpalsy.org.uk
4219498	edit-training.co.uk
4220263	www.wordsforlife.org.uk
4227979	www.education.manchester.ac.uk
4230046	www.linkage.org.uk
4230368	www.pearsonschoolsandfecolleges.co.uk
4230548	www.allkids.co.uk
4230606	www.playforce.co.uk
4231107	www.lotcqualitybadge.org.uk
4232175	www.earlylearninghq.org.uk
4235320	www.autismwestmidlands.org.uk
4235536	www.complexneeds.org.uk
4235661	www.percyhedley.org.uk
4237217	nationalstrategies.standards.dcsf.gov.uk
4237232	www.nagcbritain.org.uk
4237664	www.lovebritishfood.co.uk
4238270	www.childbraininjurytrust.org.uk
4238378	www.goodschoolsguide.co.uk
4238419	rnib.org.uk
4238513	www.hays.co.uk
4238736	www.nationaladoptionweek.org.uk
4238792	lcc.org.uk
4238799	www.wheelsforwellbeing.org.uk
4238835	www.gabbitas.co.uk
4238849	www.natstar.ac.uk
4239465	www.pshe-association.org.uk
4240166	www.aep.org.uk
4240198	www.signature.org.uk
4240202	www.batod.org.uk
4240364	www.nasuwt.org.uk
4240365	www.atl.org.uk
4240698	www.labour.org.uk
4241150	www.jordanpublishing.co.uk
4241397	www.aspergerfoundation.org.uk
4241417	www.nordoff-robbins.org.uk
4241528	www.natspec.org.uk
4241529	www.nationalnumeracy.org.uk
4243490	bcu.ac.uk
4243705	www.coventry.ac.uk
4243758	www.wlv.ac.uk
4243806	www.derby.ac.uk
4243846	www.ljmu.ac.uk
4243898	www.iop.kcl.ac.uk
4245257	www.childrenandarts.org.uk
4245323	www.oilycart.org.uk
4245939	www.cypmhc.org.uk
4245979	www.special-needs-kids.co.uk
4246541	www.thechildrenstrust.org.uk
4246555	www.thrive.org.uk
4246658	www.nspcc.org.uk
4246785	www.abilitynet.org.uk
4246811	www.clicsargent.org.uk
4246841	www.cerebra.org.uk
4246853	www.efds.co.uk
4246858	www.actionforchildren.org.uk
4246863	www.anti-bullyingalliance.org.uk
4246864	www.baaf.org.uk
4246866	www.ncb.org.uk
4246883	www.childrenscommissioner.gov.uk
4246913	www.councilfordisabledchildren.org.uk
4246923	www.lgo.org.uk
4246957	www.thewhocarestrust.org.uk
4246962	www.thecommunicationtrust.org.uk
4246992	www.nasen.org.uk
4247050	www.ofsted.gov.uk
4247061	www.vso.org.uk
4247212	www.specialeducationalneeds.co.uk
4247343	www.pta.org.uk
4247461	www.haringey.gov.uk
4247609	www3.hants.gov.uk
4247686	www.kids.org.uk
4247748	www.nationaltrust.org.uk
4247754	www.princes-trust.org.uk
4247920	senmagazine.co.uk
4247921	www.calvert-trust.org.uk
4247968	www.csie.org.uk
4248047	www.afasic.org.uk
4248048	www.ndti.org.uk
4248097	www.sensorytrust.org.uk
4248114	www.livability.org.uk
4248152	www.nbcs.org.uk
4248544	www.foodforlife.org.uk
4248582	www.talkingpoint.org.uk
4248593	www.nas.org.uk
4248594	www.whizz-kidz.org.uk
4248595	www.dlf.org.uk
4248596	www.bild.org.uk
4248597	www.youngminds.org.uk
4248598	www.bullying.co.uk
4248602	www.counselling-directory.org.uk
4248678	www.nrs-uk.co.uk
4248682	www.disabledliving.co.uk
4248696	www.communicationmatters.org.uk
4248698	www.afasicengland.org.uk
4248809	www.henshaws.org.uk
4249267	www.togethertrust.org.uk
4249355	www.besa.org.uk
4249909	www.soundbeam.co.uk
4250397	www.couldyoufoster.org.uk
4250518	youngepilepsy.org.uk
4276390	www.youngsibs.org.uk
4276482	www.pontville.co.uk
4276489	www.witherslackgroup.co.uk
4280528	joemintz-innovation.blogspot.co.uk
4283447	www.greenwichfreeschool.co.uk
4285254	www.senpress.co.uk
4309123	www.autismshow.co.uk
4312868	www.atiss.co.uk
4316890	www.loggerheadfilms.co.uk
4327606	www.stridetreglown.co.uk
4338367	www.ace-north.org.uk
4338378	www.nowhearme.co.uk
4338391	www.iansyst.co.uk
4338441	www.publisherlookup.org.uk
4338456	www.aacknowledge.org.uk
4338471	www.load2learn.org.uk
4338498	www.speechbubble.org.uk
4338500	www.ianbean.co.uk
4339484	www.sunfield.org.uk
4342902	www.familiesthatlast.org.uk
4343255	www.thetearoom.org.uk
4353951	www.idponline.org.uk
4379285	www.starsfoundation.org.uk
4383857	www.chs.org.uk
4383870	www.chf.org.uk
4387835	www.kidzupnorth.co.uk
4388023	www.lanc.org.uk
4403774	ndcs.org.uk
4408260	www.parentchampions.org.uk
4408268	www.youngdyslexics.co.uk
4409921	www.wavca.co.uk
4410252	www.kingkraft.co.uk
4410345	www.beyondboundarieslive.co.uk
4410972	www.priorscourt.org.uk
4411118	www.advanced-training.org.uk
4413204	www.privatepsychiatry.co.uk
4413612	www.rnid.org.uk
4413636	www.nice.org.uk
4413637	guidance.nice.org.uk
4413751	www.youngepilepsy.org.uk
4413787	www.paralympics.org.uk
4413892	www.isma.org.uk
4413969	www.tourettes-action.org.uk
4414100	www.ambitiousaboutautism.org.uk
4414124	www.wheelpower.org.uk
4414195	www.talkaboutautism.org.uk
4414210	www.promocon.co.uk
4414219	www.sturgeweber.org.uk
4414248	www.bemyparent.org.uk
4414291	www.deafnessresearch.org.uk
4414355	www.parentpartnership.org.uk
4414366	www.addiss.co.uk
4414376	www.shinecharity.org.uk
4414416	www.guysandstthomas.nhs.uk
4414420	www.netbuddy.org.uk
4414433	www.learningdisabilities.org.uk
4414438	www.ocdaction.org.uk
4414446	www.familyfund.org.uk
4414447	www.familylives.org.uk
4414800	www.ipsea.org.uk
4414802	www.dyspraxiafoundation.org.uk
4414865	www.smira.org.uk
4415187	www.ncype.org.uk
4415676	www.dwmh.nhs.uk
4419429	www.asthma.org.uk
4419435	www.macmillan.org.uk
4420527	www.backcare.org.uk
4420537	www.nct.org.uk
4428676	www.specialneedsguide.co.uk
4460404	seashelltrust.org.uk
4465264	www.st-josephscranleigh.surrey.sch.uk
4467322	www.sendpathfinder.co.uk
4467323	www.afa3as.org.uk
4473880	www.teds.ac.uk
4488467	shinecharity.org.uk
4491677	www.aguidetothesencodeofpractice.co.uk
4498152	www.asend.co.uk
4499471	www.montacute.poole.sch.uk
4527468	www.educationinnovation.co.uk
4537140	www.elizabethhallows.co.uk
4555702	www.notjusttalking.co.uk
4555705	www.jellyandbean.co.uk
4563785	www.newhopeworcester.co.uk
4566129	www.anastasis.co.uk
4594983	www.newcollegeworcester.co.uk
4598408	www.julieaday.co.uk
4630046	www.aac-consultancy.co.uk
4655142	www.move4words.org.uk
4698617	www.souvenirpress.co.uk
4700656	www.lvs-oxford.org.uk
4700657	www.lvs-hassocks.org.uk
4703556	www.sensibleconsultancy.co.uk
4708423	complexld.ssatrust.org.uk
4710116	www.birminghamhippodrome.co.uk
4711036	www.castlewood.coventry.sch.uk
4056482	ie-today.co.uk
4236415	www.lpo.org.uk
4238038	www.huntspost.co.uk
4240199	www.hearingtimes.co.uk
4245249	www.southbankcentre.co.uk
4338124	dameevelynglennie.blogspot.co.uk
3241121	www.the-sixteen.org.uk
3593808	www.adderburyensemble.co.uk
3638627	www.fontanella.co.uk
3638632	www.amicables.co.uk
3710540	www.birminghamjazz.co.uk
3710559	www.jazzcds.co.uk
3710639	www.earconnector.co.uk
3711292	www.sinfonia.org.uk
3711296	www.postlude.co.uk
3782268	www.monteverdi.co.uk
3782309	www.londonhaydnquartet.co.uk
3795199	www.lorelt.co.uk
3966673	www.florilegium.org.uk
3966677	www.englishconcert.co.uk
3966713	www.lutesoc.co.uk
3966788	www.recordermail.co.uk
4005797	www.vivaorch.co.uk
4129982	www.eubo.org.uk
4129984	www.euyo.org.uk
4187264	www.corelliconcerts.co.uk
4231501	www.aam.co.uk
4231505	www.bate.ox.ac.uk
4234418	www.mus.cam.ac.uk
4236402	www.londonsinfonietta.org.uk
4236412	www.philharmonia.co.uk
4236418	www.oae.co.uk
4236419	www.cbso.co.uk
4236441	www.thsh.co.uk
4238578	www.horniman.ac.uk
4242185	www.music.ed.ac.uk
4243672	www.bcu.ac.uk
4245380	www.macarts.co.uk
4302596	www.leicesterymca.co.uk
4326768	www.bdrs.org.uk
4600355	www.woodhouserecorderweek.co.uk
4600386	www.devonbaroque.co.uk
4230094	www.malvern-theatres.co.uk
4231157	www.hazardchase.co.uk
4245344	www.warwickartscentre.co.uk
4247169	www.warwickdc.gov.uk
4247428	www.warwickshire.gov.uk
4250154	www.octagon-theatre.co.uk
4250163	www.stdavidshallcardiff.co.uk
3998196	www.osjcircle.org.uk
3998197	www.musicforautism.org.uk
4237294	www.blackwell.co.uk
1665450	www.alexanderinteriors.co.uk
1668501	www.clairetarling.co.uk
2318374	www.cornwallsoapbox.co.uk
2688309	www.adaliza.co.uk
2692106	www.tregearpottery.co.uk
2740198	www.globee.co.uk
2812301	www.atlaslondon.co.uk
2853208	www.fairygoodies.co.uk
2884373	www.regent-records.co.uk
2894154	www.pandghats.co.uk
2894160	www.itsmybagonline.co.uk
2910307	www.winchester2012.co.uk
3058421	www.kccollection.co.uk
3058510	www.heylandandwhittle.co.uk
3058740	www.bergsdesigns.co.uk
3058758	www.schokolat.co.uk
3058780	www.pollyfields.co.uk
3061028	www.silverandsand.co.uk
3064039	www.thehoneymakers.co.uk
3093903	www.wp-ringers.org.uk
3095255	www.vidavida.co.uk
3119585	www.annabelchaffer.co.uk
3154803	www.allchurches.co.uk
3263141	www.pottingshedonline.co.uk
3280802	www.purespain.co.uk
3283984	www.mibi.co.uk
3294922	www.stnicholascathedral.co.uk
3321102	www.romanet.co.uk
3506722	www.andinatreasure.co.uk
3545067	www.cranbornehouse.co.uk
3557004	www.vanavangu.co.uk
3589904	www.hudsons.co.uk
3622342	www.sugarplumonline.co.uk
3630988	www.justchillies.co.uk
3643852	www.cofewinchester.org.uk
3701031	www.dinkyclothing.co.uk
3701032	www.fionabates.co.uk
3701033	winv2.web1.creativesteam.co.uk
3769271	www.gallardoblainedesigns.co.uk
3773830	www.janehogbenterracotta.co.uk
3781431	www.southerncathedralsfestival.org.uk
3916296	www.creativesteamlondon.co.uk
3995278	www.koruarts.co.uk
4003792	www.cherrytreepreserves.co.uk
4038632	www.englishcathedrals.co.uk
4048164	www.christmasinwinchester.co.uk
4055938	www.thepilgrims-school.co.uk
4154044	www.jhgpuzzles.co.uk
4172734	www.hampshiretopattractions.co.uk
4225025	www.vinegarhillpottery.co.uk
4231156	www.hyperion-records.co.uk
4231826	www.jane-austens-house-museum.org.uk
4231828	winchester-cathedral.org.uk
4231829	www.visitwinchester.co.uk
4236162	www.christianaid.org.uk
4237197	www.salisburycathedral.org.uk
4239571	www.chichestercathedral.org.uk
4243635	www.winchester.ac.uk
4246334	www.visit-hampshire.co.uk
4374443	www.nealsyarddairy.co.uk
4377134	www.thefrenchcomte.co.uk
4462453	www.heraldav.co.uk
4511450	www.jimpascoe.co.uk
4624471	www.sallywilcox.co.uk
4663086	www.artpolishpottery.co.uk
4663087	www.originalapplebox.co.uk
4663088	www.thebigmango.co.uk
4663116	www.dreamblue.co.uk
4663140	www.bowbrookstudios.co.uk
4663184	www.maidendorset.co.uk
4674318	www.madloupublishing.co.uk
4694069	www.selbornepottery.co.uk
1670151	www.paulpatterson.co.uk
1670153	www.tasminlittle.org.uk
1903004	www.acapela.co.uk
2576630	www.roslarts.co.uk
2683665	tickets.ram.ac.uk
2725201	www.artsfoundation.co.uk
2754460	www.goodenough.ac.uk
2782100	www.wcom.org.uk
2830592	www.alawmusic.ndo.co.uk
2927789	www.spiritato.co.uk
2956776	www.lfmi.org.uk
3033796	www.johnreading.co.uk
3082650	www.craxtonstudios.org.uk
3082695	www.christophvondohnanyi.co.uk
3133956	www.lesleygarrett.co.uk
3187647	www.themusicstudios.co.uk
3241090	www.ruthjenkins.co.uk
3241091	www.ruthjenkinsrobertsson.co.uk
3277109	www.opera.co.uk
3395036	www.therwgtrust.co.uk
3410698	www.emmahalnan.co.uk
3416094	jaysongillham.co.uk
3416097	www.jaysongillham.co.uk
3429137	maps.camden.gov.uk
3430867	www.michaelcsanyi-wills.co.uk
3446100	www.peterrobinson.org.uk
3627640	bfs.org.uk
3627674	www.claresouthworth.co.uk
3644070	www.lebrecht.co.uk
3649746	announcements.thetimes.co.uk
3696935	www.jocelynfreeman.co.uk
3699428	www.richardsaxel.co.uk
3710381	www.organist.org.uk
3710514	www.nikkiiles.co.uk
3710600	londonjazz.blogspot.co.uk
3710698	stansulzmann.co.uk
3710842	www.tomgreen.org.uk
3710845	www.troyka.co.uk
3710858	www.nyjo.org.uk
3711062	www.alynshipton.co.uk
3760224	www.kafristudios.co.uk
3781741	www.allianzmusicalinsurance.co.uk
3782011	www.musicpastandpresent.org.uk
3782081	www.robindavis.eclipse.co.uk
3782082	www.ferrierawards.org.uk
3782085	www.garethjohnbaritone.co.uk
3782350	www.bachlive.co.uk
3798462	apollo.ram.ac.uk
3807587	www.badkequartet.co.uk
3852733	www.gemt.org.uk
3881853	nyo.org.uk
3936019	www.nonclassical.co.uk
3939495	www.nso.co.uk
3965628	stores.ebay.co.uk
3966685	www.thebachplayers.org.uk
3990778	www.georgeharliono.co.uk
3990891	www.thebachchoir.org.uk
3990918	www.alexandercampkin.co.uk
3990937	www.caroline-phillips.co.uk
3991546	www.daviesmusic.org.uk
3991606	www.michaelchancecountertenor.co.uk
4001750	www.philharmoniachorus.co.uk
4002020	lsosoundhub.co.uk
4002320	www.colinstone.co.uk
4022211	www.hannahvasanth.co.uk
4025350	www.artsjobfinder.co.uk
4048835	www.the-sidney-perry-foundation.co.uk
4121970	rhinegold.subscribeonline.co.uk
4122635	www.joeduddell.co.uk
4158772	www.rhiannon-llewellyn.co.uk
4175629	www.scotinted.org.uk
4188574	www.richardlewis-tenor.co.uk
4202282	www.philipdukes.co.uk
4202285	www.ycat.co.uk
4221165	www3.westminster.gov.uk
4230154	www.impulse-music.co.uk
4230618	www.royalphilharmonicsociety.org.uk
4231154	www.cityoflondonsinfonia.co.uk
4231155	www.oxfordlieder.co.uk
4231158	www.intermusica.co.uk
4231160	www.munstertrust.org.uk
4231500	www.musicalpointers.co.uk
4231504	www.concertprogrammes.org.uk
4231819	www.bcmg.org.uk
4232622	www.londonjazzfestival.org.uk
4234818	www.senatehouselibrary.ac.uk
4235451	www.mtv.co.uk
4236392	www.aldeburgh.co.uk
4236397	network.youthmusic.org.uk
4236405	www.lso.co.uk
4236407	www.manchestercamerata.co.uk
4236408	www.halle.co.uk
4236409	www.rhinegold.co.uk
4236410	www.gramophone.co.uk
4236413	www.askonasholt.co.uk
4236416	www.abo.org.uk
4236429	ticketing.southbankcentre.co.uk
4236430	www.kingsplace.co.uk
4236436	www.cukas.ac.uk
4236437	www.studentcashpoint.co.uk
4236439	www.trinitycollege.co.uk
4236574	www.020.co.uk
4237860	www.thisiskent.co.uk
4238101	www.cotswoldjournal.co.uk
4238488	www.ncp.co.uk
4239184	www.royalacademy.org.uk
4240350	www.independent.co.uk
4240664	www.spectator.co.uk
4243264	www.rcm.ac.uk
4243294	www.creative-choices.co.uk
4243408	www.lon.ac.uk
4243581	www.prepareforsuccess.org.uk
4243596	www.sas.ac.uk
4243694	www.offa.org.uk
4243697	thescholarshiphub.org.uk
4243766	www.rae.ac.uk
4243919	ccskills.org.uk
4244021	www.monetos.co.uk
4245254	www.rsc.org.uk
4245273	www.artswales.org.uk
4245285	www.rada.ac.uk
4245294	www.artsjobs.org.uk
4245355	www.thestage.co.uk
4245372	www.artshub.co.uk
4245585	www.grantsforindividuals.org.uk
4245586	www.trustfunding.org.uk
4245589	www.companygiving.org.uk
4246042	www.ukba.homeoffice.gov.uk
4246324	www.ish.org.uk
4247690	www.governmentfunding.org.uk
4247746	www.legislation.gov.uk
4247894	www.bba.org.uk
4248212	www.dsc.org.uk
4248816	www.canadianscholarshipfund.co.uk
4249226	housing.london.ac.uk
4249600	www.jobs.guardian.co.uk
4250120	www.rpo.co.uk
4251891	www.bathmusicfest.org.uk
4277835	www.studentloanrepayment.co.uk
4286709	rickjonesmusicblog.blogspot.co.uk
4288924	www.christopherredgate.co.uk
4290775	www.housing.lon.ac.uk
4302807	www.katherinejenkins.co.uk
4305216	www.susancollier.co.uk
4354073	www.thomaswalltrust.org.uk
4420520	www.stat.org.uk
4442042	www.oxford-flutes.co.uk
4452057	www.ingpen.co.uk
4452058	www.annatilbrook.co.uk
4452074	www.douglasboyd.co.uk
4452129	www.charliepiper.co.uk
4463100	www.cardinalhumecentre.org.uk
4519197	henrywoodresource.ram.ac.uk
4519198	www.fionamackay.co.uk
4519199	www.samrapleymusic.co.uk
4561029	www.anglo-danishsociety.org.uk
4654284	www.bordoli.co.uk
4669284	www.benjamingrosvenor.co.uk
4669300	www.jubileequartet.co.uk
