385284	whiskey.uvinum.co.uk
385313	algeria.uvinum.co.uk
385314	country-algeria.uvinum.co.uk
385315	conero.uvinum.co.uk
385316	rosso-conero.uvinum.co.uk
385317	christmas-gifts.uvinum.co.uk
385318	hampers-for-christmas.uvinum.co.uk
385319	christmas-gifts2.uvinum.co.uk
385320	judean-hills.uvinum.co.uk
385321	israel.uvinum.co.uk
385322	golan-heights.uvinum.co.uk
385323	galilee.uvinum.co.uk
385324	jerusalem.uvinum.co.uk
385326	malvasia.uvinum.co.uk
385327	irouleguy.uvinum.co.uk
385328	buzet.uvinum.co.uk
385330	breede-river-valley.uvinum.co.uk
385331	worcester.uvinum.co.uk
385332	constantia-valley.uvinum.co.uk
385333	carmignano.uvinum.co.uk
385334	barco-reale-di-carmignano-and-carmignano.uvinum.co.uk
385335	naousa.uvinum.co.uk
385336	santorini.uvinum.co.uk
385337	greece.uvinum.co.uk
385338	crete.uvinum.co.uk
385339	valley-of-the-muses.uvinum.co.uk
385340	thrace.uvinum.co.uk
385341	samos.uvinum.co.uk
385342	attica.uvinum.co.uk
385343	nemea.uvinum.co.uk
385344	mantinia.uvinum.co.uk
385345	peloponnese.uvinum.co.uk
385346	patras.uvinum.co.uk
385347	ribera-del-guadiana.uvinum.co.uk
385348	cava-extremadura.uvinum.co.uk
385349	sidra-de-asturias.uvinum.co.uk
385350	asturias.uvinum.co.uk
385351	cognac.uvinum.co.uk
385353	thracia-valley.uvinum.co.uk
385354	colli-etruschi-viterbesi.uvinum.co.uk
385355	est-est-est-di-montefiascone.uvinum.co.uk
385356	canary-islands.uvinum.co.uk
385357	lanzarote.uvinum.co.uk
385358	valle-de-la-orotava.uvinum.co.uk
385360	lacrima-di-morro.uvinum.co.uk
385361	marche.uvinum.co.uk
385362	verdicchio-dei-castelli-di-jesi.uvinum.co.uk
385363	verdicchio-di-matelica.uvinum.co.uk
385364	falerio.uvinum.co.uk
385365	falerio-dei-colli-ascolani.uvinum.co.uk
385366	colli-maceratesi.uvinum.co.uk
385367	rosso-piceno.uvinum.co.uk
385368	vin-de-pays-cotes-de-lastours.uvinum.co.uk
385369	cabardes.uvinum.co.uk
385370	mor.uvinum.co.uk
385371	thermenregion.uvinum.co.uk
385372	wachau.uvinum.co.uk
385373	country-austria.uvinum.co.uk
385374	niederosterreich.uvinum.co.uk
385376	kremstal.uvinum.co.uk
385377	kamptal.uvinum.co.uk
385378	donauland.uvinum.co.uk
385379	weinviertel.uvinum.co.uk
385380	gift-boxes.uvinum.co.uk
385381	packs-and-gifts.uvinum.co.uk
385382	wine-boxes.uvinum.co.uk
385383	colli-amerini.uvinum.co.uk
385384	grechetto-dei-colli-martani.uvinum.co.uk
385386	pago-calzadilla.uvinum.co.uk
385387	pago-de-ayles.uvinum.co.uk
385388	romanian-moldova.uvinum.co.uk
385389	roussette-de-savoie.uvinum.co.uk
385390	coste-della-sesia.uvinum.co.uk
385391	bramaterra.uvinum.co.uk
385392	lessona.uvinum.co.uk
385394	calabria.uvinum.co.uk
385395	ciro.uvinum.co.uk
385396	val-di-neto.uvinum.co.uk
385397	iphofen.uvinum.co.uk
385398	ramandolo.uvinum.co.uk
385399	cinque-terre-sciacchetra.uvinum.co.uk
385400	cinqueterre.uvinum.co.uk
385401	liguria.uvinum.co.uk
385402	rossese-di-dolceacqua.uvinum.co.uk
385403	riviera-ligure-di-ponente.uvinum.co.uk
385405	waiheke.uvinum.co.uk
385406	auckland.uvinum.co.uk
385407	tarantino.uvinum.co.uk
385408	corsica.uvinum.co.uk
385409	muscat-du-cap-corse.uvinum.co.uk
385410	patrimonio.uvinum.co.uk
385411	vin-de-corse.uvinum.co.uk
385412	ajaccio.uvinum.co.uk
385413	les-baux-de-provence.uvinum.co.uk
385414	vin-de-pays-des-bouches-du-rhone.uvinum.co.uk
385415	anjou-coteaux-de-la-loire.uvinum.co.uk
385416	montlouis-sur-loire.uvinum.co.uk
385417	coteaux-du-lyonnais.uvinum.co.uk
385418	goulburn-valley.uvinum.co.uk
385420	campanha.uvinum.co.uk
385421	clairette-de-die.uvinum.co.uk
385422	cremant-de-die.uvinum.co.uk
385423	vin-de-pays-de-la-drome.uvinum.co.uk
385424	vin-de-pays-de-la-cote-vermeille.uvinum.co.uk
385425	colli-di-scandiano-e-di-canossa.uvinum.co.uk
385426	colli-piacentini.uvinum.co.uk
385427	gutturnio.uvinum.co.uk
385428	bienvenues-batard-montrachet.uvinum.co.uk
385431	aversa-asprinio.uvinum.co.uk
385432	terre-del-volturno.uvinum.co.uk
385433	chianti-ruffina.uvinum.co.uk
385434	vin-santo.uvinum.co.uk
385435	castel-del-monte.uvinum.co.uk
385436	gioia-del-colle.uvinum.co.uk
385437	amyndeo.uvinum.co.uk
385438	mornington-peninsula.uvinum.co.uk
385439	valle-daosta.uvinum.co.uk
385440	mambourg.uvinum.co.uk
385441	cheverny.uvinum.co.uk
385442	bendigo.uvinum.co.uk
385443	bosco-eliceo.uvinum.co.uk
385444	pineau-des-charentes.uvinum.co.uk
385445	saint-georges-saint-emilion.uvinum.co.uk
385446	moscato-di-noto.uvinum.co.uk
385447	moscato-di-siracusa.uvinum.co.uk
385448	contea-di-sclafani.uvinum.co.uk
385449	pla-i-llevant.uvinum.co.uk
385450	balearic-islands.uvinum.co.uk
385451	vt-formentera.uvinum.co.uk
385452	vt-mallorca.uvinum.co.uk
385453	vt-ibiza.uvinum.co.uk
385454	vt-baleares.uvinum.co.uk
385455	vino-naranja-del-condado-de-huelva.uvinum.co.uk
385456	vaud.uvinum.co.uk
385457	lavaux.uvinum.co.uk
385458	olifants-river.uvinum.co.uk
385459	moscato-di-scanzo.uvinum.co.uk
385460	costa-damalfi.uvinum.co.uk
385461	cremant-de-bordeaux.uvinum.co.uk
385462	torgiano.uvinum.co.uk
385463	torgiano-rosso-riserva.uvinum.co.uk
385464	bekaa.uvinum.co.uk
385465	pais-vasco.uvinum.co.uk
385466	getariako-txakolina.uvinum.co.uk
385467	bizkaiko-txakolina.uvinum.co.uk
385468	arabako-txakolina.uvinum.co.uk
385469	christmas-hampers.uvinum.co.uk
385470	palette.uvinum.co.uk
385471	podravje.uvinum.co.uk
385473	aargau.uvinum.co.uk
385474	valcalepio.uvinum.co.uk
385475	copertino.uvinum.co.uk
385476	canterbury.uvinum.co.uk
385477	lujan-de-cuyo.uvinum.co.uk
385478	colli-di-parma.uvinum.co.uk
385479	country-armenia.uvinum.co.uk
385480	neuchatel.uvinum.co.uk
385481	suffolk.uvinum.co.uk
385482	saint-amour.uvinum.co.uk
385483	bianchello-del-metauro.uvinum.co.uk
385484	country-romania.uvinum.co.uk
385485	vin-de-pays-de-saint-sardos.uvinum.co.uk
385486	bessa-valley.uvinum.co.uk
385487	cornwall.uvinum.co.uk
385488	trakiiska-nizina.uvinum.co.uk
385489	pago-florentino.uvinum.co.uk
385490	flasks.uvinum.co.uk
385491	aroma-kits.uvinum.co.uk
385492	accessories.uvinum.co.uk
385493	ice-buckets.uvinum.co.uk
385494	coolers.uvinum.co.uk
385495	cocktail-service-accessories.uvinum.co.uk
385496	household.uvinum.co.uk
385497	bottle-racks.uvinum.co.uk
385498	plugs-vacuum-pumps.uvinum.co.uk
385499	aerators-oxygenators.uvinum.co.uk
385504	coffeemakers-and-kettles.uvinum.co.uk
385506	malvasia-di-castelnuovo-don-bosco.uvinum.co.uk
385507	cesanese-del-piglio.uvinum.co.uk
385508	passerina-del-frusinate.uvinum.co.uk
385509	coteaux-de-lardeche.uvinum.co.uk
385510	mandrolisai.uvinum.co.uk
385511	essex.uvinum.co.uk
385512	capri.uvinum.co.uk
385513	cortese-dellalto-monferrato.uvinum.co.uk
385514	dolcetto-dasti.uvinum.co.uk
385517	alta-langa.uvinum.co.uk
385518	langhe-nebbiolo.uvinum.co.uk
385519	langhe.uvinum.co.uk
385520	asti.uvinum.co.uk
385521	dolcetto-dalba.uvinum.co.uk
385522	barbera-dalba.uvinum.co.uk
385523	nebbiolo-dalba.uvinum.co.uk
385524	roero.uvinum.co.uk
385525	barbaresco.uvinum.co.uk
385526	barbera-dasti.uvinum.co.uk
385527	barolo.uvinum.co.uk
385528	gavi.uvinum.co.uk
385529	brachetto-dacqui.uvinum.co.uk
385530	monferrato.uvinum.co.uk
385532	langhe-arneis.uvinum.co.uk
385533	barbera-del-monferrato.uvinum.co.uk
385534	cape-agulhas.uvinum.co.uk
385535	elim.uvinum.co.uk
385536	malvasia-delle-lipari.uvinum.co.uk
385537	salina.uvinum.co.uk
385538	civitella-dragliano.uvinum.co.uk
385539	candia-dei-colli-apuani.uvinum.co.uk
385540	monticello.uvinum.co.uk
385541	tierra-del-vino-de-zamora.uvinum.co.uk
385542	guerrouane.uvinum.co.uk
385543	cote-roannaise.uvinum.co.uk
385544	gloucestershire.uvinum.co.uk
385545	rioja-alta.uvinum.co.uk
385546	vernaccia-di-serrapetrona.uvinum.co.uk
385547	lambrusco-di-modena.uvinum.co.uk
385548	lambrusco-di-sorbara.uvinum.co.uk
385549	lambrusco-grasparossa-di-castelvetro.uvinum.co.uk
385550	chateau-grillet.uvinum.co.uk
385551	british-columbia.uvinum.co.uk
385552	riverina.uvinum.co.uk
385553	griffith.uvinum.co.uk
385554	coffee.uvinum.co.uk
385555	lessini-durello.uvinum.co.uk
385556	colli-di-salerno.uvinum.co.uk
385557	vin-de-pays-des-cotes-du-tarn.uvinum.co.uk
385558	cacce-mmitte-di-lucera.uvinum.co.uk
385560	meknes-fes.uvinum.co.uk
385561	seyssel.uvinum.co.uk
385562	hampshire.uvinum.co.uk
385563	zurich.uvinum.co.uk
385564	calvados-pays-dauge.uvinum.co.uk
385565	aprilia.uvinum.co.uk
385566	armagnac.uvinum.co.uk
385567	pago-casa-del-blanco.uvinum.co.uk
385568	san-jose.uvinum.co.uk
385570	bernkastel.uvinum.co.uk
385571	mosel-saar-ruwer.uvinum.co.uk
385572	obermosel.uvinum.co.uk
385573	ahr.uvinum.co.uk
385574	bischofskreuz.uvinum.co.uk
385575	eger.uvinum.co.uk
385576	saar.uvinum.co.uk
385577	schenkenbohl.uvinum.co.uk
385578	schnepfenpflug.uvinum.co.uk
385579	pfalz.uvinum.co.uk
385580	blaye.uvinum.co.uk
385581	kronenberg.uvinum.co.uk
385582	sunburry.uvinum.co.uk
385583	chianti-colli-fiorentini.uvinum.co.uk
385584	bamboes-bay.uvinum.co.uk
385585	vale-do-sao-francisco.uvinum.co.uk
385586	cotes-du-brulhois.uvinum.co.uk
385587	devon.uvinum.co.uk
385588	beechworth-victoria.uvinum.co.uk
385589	canton-de-vaud.uvinum.co.uk
385590	paros.uvinum.co.uk
385591	ticino.uvinum.co.uk
385592	colli-tortonesi.uvinum.co.uk
385593	algarve.uvinum.co.uk
385594	baja-california.uvinum.co.uk
385595	hungary.uvinum.co.uk
385596	csongrad.uvinum.co.uk
385597	imereti.uvinum.co.uk
385598	hams.uvinum.co.uk
385599	sliced.uvinum.co.uk
385600	sausages.uvinum.co.uk
385603	caluso-passito.uvinum.co.uk
385605	erbaluce-di-caluso.uvinum.co.uk
385606	gattinara.uvinum.co.uk
385607	limestone-coast.uvinum.co.uk
385608	anjou-gamay.uvinum.co.uk
385609	savennieres.uvinum.co.uk
385610	anjou.uvinum.co.uk
385611	anjou-saumur.uvinum.co.uk
385612	savennieres-coulee-de-serrant.uvinum.co.uk
385613	chinon.uvinum.co.uk
385614	cremant-de-loire.uvinum.co.uk
385615	sancerre.uvinum.co.uk
385616	saumur-champigny.uvinum.co.uk
385617	saumur.uvinum.co.uk
385618	pouilly-fume.uvinum.co.uk
385619	bourgueil.uvinum.co.uk
385620	touraine.uvinum.co.uk
385621	menetou-salon.uvinum.co.uk
385623	muscadet-sevre-et-maine.uvinum.co.uk
385624	muscadet-cotes-de-grandlieu.uvinum.co.uk
385625	vin-de-table-francais.uvinum.co.uk
385628	knights-valley.uvinum.co.uk
385629	sonoma-coast.uvinum.co.uk
385630	paso-robles.uvinum.co.uk
385632	carneros.uvinum.co.uk
385634	russian-river-valley.uvinum.co.uk
385636	sonoma-county.uvinum.co.uk
385639	alexander-valley.uvinum.co.uk
385640	california.uvinum.co.uk
385641	central-coast.uvinum.co.uk
385642	mendocino.uvinum.co.uk
385643	lodi.uvinum.co.uk
385649	monterey.uvinum.co.uk
385651	wairarapa.uvinum.co.uk
385652	vire-clesse.uvinum.co.uk
385653	pouilly-vinzelles.uvinum.co.uk
385654	valais.uvinum.co.uk
385655	wallis.uvinum.co.uk
385656	valtenesi.uvinum.co.uk
385657	benaco-bresciano.uvinum.co.uk
385658	garda-bresciano.uvinum.co.uk
385659	terrazze-retiche-di-sondrio.uvinum.co.uk
385660	sforzato-di-valtellina.uvinum.co.uk
385661	valtellina.uvinum.co.uk
385662	valtellina-superiore.uvinum.co.uk
385663	quincy.uvinum.co.uk
385666	vt-altiplano-de-sierra-nevada.uvinum.co.uk
385667	granada.uvinum.co.uk
385669	vt-extremadura.uvinum.co.uk
385671	ribera-del-jucar.uvinum.co.uk
385672	mentrida.uvinum.co.uk
385673	falerno-del-massico.uvinum.co.uk
385674	roccamonfina.uvinum.co.uk
385675	king-valley.uvinum.co.uk
385676	rutherglen.uvinum.co.uk
385677	pyrenees.uvinum.co.uk
385678	victoria.uvinum.co.uk
385679	grampians.uvinum.co.uk
385680	murray-darling.uvinum.co.uk
385681	coonawarra.uvinum.co.uk
385682	western-victoria.uvinum.co.uk
385683	wines-without-appellation-germany.uvinum.co.uk
385685	campi-flegrei.uvinum.co.uk
385686	deli.uvinum.co.uk
385687	cotes-de-duras.uvinum.co.uk
385688	molise.uvinum.co.uk
385689	biferno.uvinum.co.uk
385690	molise-o-del-molise.uvinum.co.uk
385691	lazio-igt.uvinum.co.uk
385692	velletri.uvinum.co.uk
385693	frascati.uvinum.co.uk
385694	region-serra-gaucha.uvinum.co.uk
385695	neuquen.uvinum.co.uk
385696	patagonia.uvinum.co.uk
385697	alto-valle-del-rio-negro.uvinum.co.uk
385700	san-rafael.uvinum.co.uk
385701	argentina.uvinum.co.uk
385702	region-mendoza.uvinum.co.uk
385703	valle-de-uco.uvinum.co.uk
385704	monica-di-sardegna.uvinum.co.uk
385705	cannonau-di-sardegna.uvinum.co.uk
385706	carignano-del-sulcis.uvinum.co.uk
385707	sardinia.uvinum.co.uk
385708	isola-dei-nuraghi.uvinum.co.uk
385709	vermentino-di-gallura.uvinum.co.uk
385710	vermentino-di-sardegna.uvinum.co.uk
385711	nuragus-di-cagliari.uvinum.co.uk
385712	alghero.uvinum.co.uk
385713	la-palma.uvinum.co.uk
385714	vin-de-pays-des-cotes-catalanes.uvinum.co.uk
385715	teroldego-rotalino.uvinum.co.uk
385716	terlano.uvinum.co.uk
385717	trentino.uvinum.co.uk
385718	vigneti-delle-dolimiti.uvinum.co.uk
385719	alto-adige.uvinum.co.uk
385720	vallagarina.uvinum.co.uk
385721	vini-del-piave.uvinum.co.uk
385722	colli-trevigiani-igt.uvinum.co.uk
385723	gourmet.uvinum.co.uk
385724	tea-and-infusions.uvinum.co.uk
385725	oils.uvinum.co.uk
385726	cheese.uvinum.co.uk
385727	honey.uvinum.co.uk
385728	bakery.uvinum.co.uk
385729	rice.uvinum.co.uk
385730	mushrooms.uvinum.co.uk
385731	pasta.uvinum.co.uk
385732	appetizers.uvinum.co.uk
385733	diet-and-nutrition-supplements.uvinum.co.uk
385734	neusiedlersee-hugelland.uvinum.co.uk
385735	sudburgenland.uvinum.co.uk
385736	neusiedlersee.uvinum.co.uk
385737	burgenland.uvinum.co.uk
385738	gift-packs.uvinum.co.uk
385739	alsace-grand-cru.uvinum.co.uk
385740	alsace-gewurztraminer.uvinum.co.uk
385741	alsace-pinot-noir.uvinum.co.uk
385742	alsace-riesling.uvinum.co.uk
385743	alsace-sylvaner.uvinum.co.uk
385744	alsace-pinot-gris.uvinum.co.uk
385745	alsace.uvinum.co.uk
385746	cremant-dalsace.uvinum.co.uk
385747	graubunden.uvinum.co.uk
385749	cremant-de-bourgogne.uvinum.co.uk
385750	rubicone.uvinum.co.uk
385751	colli-di-rimini.uvinum.co.uk
385752	sangiovese-di-romagna.uvinum.co.uk
385753	vin-de-pays-du-gard.uvinum.co.uk
385754	pic-saint-loup.uvinum.co.uk
385755	vin-de-pays-du-val-de-montferrand.uvinum.co.uk
385756	orvieto.uvinum.co.uk
385757	montefalco-sagrantino.uvinum.co.uk
385758	montefalco.uvinum.co.uk
385759	colli-martani.uvinum.co.uk
385760	umbria.uvinum.co.uk
385761	christmas-gourmet-selection.uvinum.co.uk
385762	mittelburgenland.uvinum.co.uk
385763	campo-de-borja.uvinum.co.uk
385764	aragon.uvinum.co.uk
385765	vt-valle-de-cinca.uvinum.co.uk
385766	lambrusco-reggiano.uvinum.co.uk
385767	reggiano.uvinum.co.uk
385768	binissalem-mallorca.uvinum.co.uk
385769	sake.uvinum.co.uk
385770	bergkloster.uvinum.co.uk
385771	rheinhessen.uvinum.co.uk
385772	mosel.uvinum.co.uk
385773	germany.uvinum.co.uk
385774	franken.uvinum.co.uk
385775	konigschaffhausen.uvinum.co.uk
385776	baden.uvinum.co.uk
385777	kaiserstuhl-tuniberg.uvinum.co.uk
385778	wurttemberg.uvinum.co.uk
385779	region-baden.uvinum.co.uk
385780	vins-de-moselle.uvinum.co.uk
385781	vins-de-savoie.uvinum.co.uk
385782	sainte-foy-bordeaux.uvinum.co.uk
385783	bearn.uvinum.co.uk
385784	hautes-cotes-de-nuits.uvinum.co.uk
385785	vin-de-pays-mediterranee.uvinum.co.uk
385786	hajos-baja.uvinum.co.uk
385789	taburno.uvinum.co.uk
385790	aglianico-del-taburno.uvinum.co.uk
385791	solopaca.uvinum.co.uk
385792	basilicata.uvinum.co.uk
385793	moscadello-di-montalcino.uvinum.co.uk
385794	valdichiana.uvinum.co.uk
385795	cortona.uvinum.co.uk
385797	moscato-di-trani.uvinum.co.uk
385798	chablais.uvinum.co.uk
385799	overberg.uvinum.co.uk
385800	bas-armagnac.uvinum.co.uk
385801	cava-valencia.uvinum.co.uk
385802	utiel-requena.uvinum.co.uk
385803	vino-de-pago-chozas-carrascal.uvinum.co.uk
385804	tarragona.uvinum.co.uk
385805	salta.uvinum.co.uk
385806	primitivo-puglia.uvinum.co.uk
385807	faro.uvinum.co.uk
385808	somontano.uvinum.co.uk
385809	vt-ribera-del-queiles.uvinum.co.uk
385810	vt-valles-de-sadacia.uvinum.co.uk
385811	vt-ribera-del-gallego-cinco-villas.uvinum.co.uk
385812	cotes-dauxerre.uvinum.co.uk
385813	coteaux-champenois.uvinum.co.uk
385814	champagne-grand-cru.uvinum.co.uk
385816	nahe.uvinum.co.uk
385817	friuli-grave.uvinum.co.uk
385818	lison-pramaggiore.uvinum.co.uk
385819	friuli.uvinum.co.uk
385820	colli-orientali-del-friuli.uvinum.co.uk
385821	collio-goriziano.uvinum.co.uk
385822	isonzo.uvinum.co.uk
385823	ribolla-gialla-collio.uvinum.co.uk
385824	friuli-venezia-giulia.uvinum.co.uk
385825	peumo.uvinum.co.uk
385826	pla-de-bages.uvinum.co.uk
385827	kakheti.uvinum.co.uk
385828	fine-champagne.uvinum.co.uk
385829	tacoronte-acentejo.uvinum.co.uk
385831	ontario.uvinum.co.uk
385832	niagara-peninsula.uvinum.co.uk
385833	swan-district-western-australia.uvinum.co.uk
385834	tasmania.uvinum.co.uk
385835	country-japan.uvinum.co.uk
385837	region-sicily.uvinum.co.uk
385838	pantelleria.uvinum.co.uk
385839	marsala.uvinum.co.uk
385841	julienas.uvinum.co.uk
385842	chiroubles.uvinum.co.uk
385843	cerasuolo-dabruzzo.uvinum.co.uk
385844	colline-pescaresi.uvinum.co.uk
385845	abruzzo.uvinum.co.uk
385846	montepulciano-dabruzzo.uvinum.co.uk
385847	terre-di-chieti.uvinum.co.uk
385848	trebbiano-dabruzzo.uvinum.co.uk
385849	colli-aprutini.uvinum.co.uk
385850	colline-teatine.uvinum.co.uk
385852	sussex.uvinum.co.uk
385853	vt-castellon.uvinum.co.uk
385854	scotland.uvinum.co.uk
385855	pavia.uvinum.co.uk
385856	lombardy.uvinum.co.uk
385858	curtefranca.uvinum.co.uk
385859	sebino.uvinum.co.uk
385860	franciacorta.uvinum.co.uk
385861	manzanilla-sanlucar-de-barrameda.uvinum.co.uk
385862	andalusia.uvinum.co.uk
385863	cadiz.uvinum.co.uk
385866	marlborough.uvinum.co.uk
385867	martinborough.uvinum.co.uk
385868	hawkes-bay.uvinum.co.uk
385869	awatere-valley.uvinum.co.uk
385870	waipara.uvinum.co.uk
385871	gisborne.uvinum.co.uk
385872	central-otago.uvinum.co.uk
385873	citrusdal-mountain.uvinum.co.uk
385874	coastal-region.uvinum.co.uk
385875	durbanville.uvinum.co.uk
385876	thracia-lowland.uvinum.co.uk
385877	tygerberg.uvinum.co.uk
385878	robertson.uvinum.co.uk
385879	stellenbosch.uvinum.co.uk
385880	western-cape.uvinum.co.uk
385881	elgin.uvinum.co.uk
385882	paarl.uvinum.co.uk
385883	swartland.uvinum.co.uk
385884	south-africa.uvinum.co.uk
385885	darling.uvinum.co.uk
385886	negroamaro.uvinum.co.uk
385887	bullas.uvinum.co.uk
385888	murcia.uvinum.co.uk
385889	yecla.uvinum.co.uk
385890	latricieres-chambertin.uvinum.co.uk
385891	chapelle-chambertin.uvinum.co.uk
385892	cerons.uvinum.co.uk
385893	san-severo.uvinum.co.uk
385894	daunia.uvinum.co.uk
385895	johannisberg.uvinum.co.uk
385896	mehrholzchen.uvinum.co.uk
385898	rheingau.uvinum.co.uk
385899	burgweg-rheingau.uvinum.co.uk
385900	horse-heaven-hills.uvinum.co.uk
385901	yakima-valley.uvinum.co.uk
385902	red-mountain.uvinum.co.uk
385903	columbia-valley.uvinum.co.uk
385904	washington.uvinum.co.uk
385905	shimane.uvinum.co.uk
385906	palizzi.uvinum.co.uk
385907	canelon-chico.uvinum.co.uk
385908	seaweeds.uvinum.co.uk
385909	caviar.uvinum.co.uk
385910	palmela.uvinum.co.uk
385911	setubal.uvinum.co.uk
385912	terras-do-sado.uvinum.co.uk
385913	ready-meals.uvinum.co.uk
385914	dried-fruits.uvinum.co.uk
385915	bellet.uvinum.co.uk
385916	fleurie.uvinum.co.uk
385917	brouilly.uvinum.co.uk
385918	morgon.uvinum.co.uk
385919	sainte-croix-du-mont.uvinum.co.uk
385920	auxey-duresses.uvinum.co.uk
385921	macon.uvinum.co.uk
385922	langhorne-creek.uvinum.co.uk
385923	clare-valley.uvinum.co.uk
385924	coteaux-du-layon.uvinum.co.uk
385925	loire.uvinum.co.uk
385926	gaillac.uvinum.co.uk
385927	cahors.uvinum.co.uk
385928	pecharmant.uvinum.co.uk
385929	cadillac-cotes-de-bordeaux.uvinum.co.uk
385930	cotes-de-bordeaux-saint-macaire.uvinum.co.uk
385931	napa-valley.uvinum.co.uk
385932	bonnes-mares.uvinum.co.uk
385933	pommard-1er-cru.uvinum.co.uk
385934	chevalier-montrachet.uvinum.co.uk
385935	monthelie.uvinum.co.uk
385936	chablis-grand-cru.uvinum.co.uk
385938	bourgogne-aligote.uvinum.co.uk
385939	cotes-du-marmandais.uvinum.co.uk
385940	fiefs-vendeens.uvinum.co.uk
385941	grignan-les-adhemar.uvinum.co.uk
385942	condrieu.uvinum.co.uk
385943	crozes-hermitage.uvinum.co.uk
385944	cote-rotie.uvinum.co.uk
385945	cotes-du-ventoux.uvinum.co.uk
385946	muscat-de-beaumes-de-venise.uvinum.co.uk
385947	luberon.uvinum.co.uk
385948	banyuls.uvinum.co.uk
385949	cornas.uvinum.co.uk
385950	chateauneuf-du-pape.uvinum.co.uk
385951	hermitage.uvinum.co.uk
385952	rhone.uvinum.co.uk
385953	gigondas.uvinum.co.uk
385954	saint-joseph.uvinum.co.uk
385955	cotes-du-rhone-villages.uvinum.co.uk
385956	vacqueyras.uvinum.co.uk
385957	lirac.uvinum.co.uk
385959	tavel.uvinum.co.uk
385960	cotes-du-rhone.uvinum.co.uk
385961	saint-peray.uvinum.co.uk
385962	ardeche.uvinum.co.uk
385964	tras-os-montes.uvinum.co.uk
385965	cotes-du-roussillon-villages-latour-de-france.uvinum.co.uk
385966	vin-de-pays-de-la-principaute-dorange.uvinum.co.uk
385967	vin-de-pays-du-vaucluse.uvinum.co.uk
385968	puisseguin-saint-emilion.uvinum.co.uk
385969	cairanne.uvinum.co.uk
385971	central-victoria.uvinum.co.uk
385972	south-east.uvinum.co.uk
385973	hunter-valley.uvinum.co.uk
385974	mclaren-vale.uvinum.co.uk
385975	southern-new-south-wales.uvinum.co.uk
385976	south-australia.uvinum.co.uk
385977	barossa-valley.uvinum.co.uk
385978	wines-without-appellation-australia.uvinum.co.uk
385980	eden-valley.uvinum.co.uk
385981	adelaide-hills.uvinum.co.uk
385982	adelaide-plains.uvinum.co.uk
385983	jurancon.uvinum.co.uk
385985	salice-salentino.uvinum.co.uk
385986	rose-danjou.uvinum.co.uk
385987	wines-without-appellation-france.uvinum.co.uk
385988	vale-dos-vinhedos.uvinum.co.uk
385989	serra-gaucha.uvinum.co.uk
385990	mendoza.uvinum.co.uk
385991	vin-de-pays-des-collines-rhodaniennes.uvinum.co.uk
385992	collioure.uvinum.co.uk
385993	vouvray.uvinum.co.uk
385994	tokaj.uvinum.co.uk
385997	maranges.uvinum.co.uk
385998	premieres-cotes-de-blaye.uvinum.co.uk
386000	cotes-du-roussillon-villages.uvinum.co.uk
386001	saint-chinian.uvinum.co.uk
386002	cotes-du-roussillon.uvinum.co.uk
386003	maury.uvinum.co.uk
386004	region-languedoc-roussillon.uvinum.co.uk
386005	cremant-de-limoux.uvinum.co.uk
386006	limoux.uvinum.co.uk
386007	costieres-de-nimes.uvinum.co.uk
386008	rully.uvinum.co.uk
386009	rivesaltes.uvinum.co.uk
386010	faugeres.uvinum.co.uk
386011	st-chinian.uvinum.co.uk
386012	vin-de-pays-doc.uvinum.co.uk
386013	vin-de-pays-de-lherault.uvinum.co.uk
386014	languedoc-roussillon.uvinum.co.uk
386015	coteaux-du-languedoc.uvinum.co.uk
386016	minervois.uvinum.co.uk
386017	corbieres.uvinum.co.uk
386018	fronton.uvinum.co.uk
386019	vin-de-pays-du-comte-tolosan.uvinum.co.uk
386020	la-tache.uvinum.co.uk
386021	romanee-saint-vivant.uvinum.co.uk
386022	grands-echezeaux.uvinum.co.uk
386023	richebourg.uvinum.co.uk
386024	elba.uvinum.co.uk
386025	carinena.uvinum.co.uk
386026	alella.uvinum.co.uk
386027	yarra-valley.uvinum.co.uk
386028	region-galicia.uvinum.co.uk
386029	cotes-de-bordeaux.uvinum.co.uk
386030	dehesa-del-carrizal.uvinum.co.uk
386031	canberra-district.uvinum.co.uk
386032	macon-villages.uvinum.co.uk
386033	beaujolais-villages.uvinum.co.uk
386034	canon-fronsac.uvinum.co.uk
386035	saint-veran.uvinum.co.uk
386036	emilia.uvinum.co.uk
386037	emilia-romagna.uvinum.co.uk
386038	south-west.uvinum.co.uk
386039	gascogne.uvinum.co.uk
386040	cotes-de-gascogne.uvinum.co.uk
386041	madiran.uvinum.co.uk
386042	pacherenc-du-vic-bilh.uvinum.co.uk
386043	cotes-de-saint-mont.uvinum.co.uk
386044	vin-de-pays-des-cotes-de-gascogne.uvinum.co.uk
386045	sud-ouest.uvinum.co.uk
386047	region-burgundy.uvinum.co.uk
386048	moulin-a-vent.uvinum.co.uk
386049	beaujolais.uvinum.co.uk
386050	beaune.uvinum.co.uk
386051	chambolle-musigny.uvinum.co.uk
386052	corton.uvinum.co.uk
386054	marsannay.uvinum.co.uk
386056	mercurey.uvinum.co.uk
386057	morey-saint-denis.uvinum.co.uk
386058	gevrey-chambertin.uvinum.co.uk
386059	charmes-chambertin.uvinum.co.uk
386060	cote-de-beaune.uvinum.co.uk
386061	puligny-montrachet.uvinum.co.uk
386062	savigny-les-beaune.uvinum.co.uk
386063	corton-grand-cru.uvinum.co.uk
386064	volnay-1er-cru.uvinum.co.uk
386065	clos-vougeot.uvinum.co.uk
386066	echezeaux.uvinum.co.uk
386067	batard-montrachet.uvinum.co.uk
386068	cote-de-nuits.uvinum.co.uk
386069	aloxe-corton.uvinum.co.uk
386070	nuits-saint-georges.uvinum.co.uk
386071	pommard.uvinum.co.uk
386072	vosne-romanee.uvinum.co.uk
386073	vougeot-1er-cru.uvinum.co.uk
386076	beaune-1er-cru.uvinum.co.uk
386077	chablis-1er-cru.uvinum.co.uk
386078	meursault.uvinum.co.uk
386079	pouilly-fuisse.uvinum.co.uk
386081	chablis.uvinum.co.uk
386082	chassagne-montrachet-1er-cru.uvinum.co.uk
386083	chassagne-montrachet.uvinum.co.uk
386084	meursault-1er-cru.uvinum.co.uk
386085	pernand-vergelesses.uvinum.co.uk
386087	chambertin.uvinum.co.uk
386088	corton-charlemagne.uvinum.co.uk
386089	santenay.uvinum.co.uk
386090	volnay.uvinum.co.uk
386091	montrachet.uvinum.co.uk
386092	romanee-conti.uvinum.co.uk
386094	oltrepo-pavese.uvinum.co.uk
386095	bolgheri.uvinum.co.uk
386096	piedmont.uvinum.co.uk
386097	moscato-dasti.uvinum.co.uk
386098	vermouth.uvinum.co.uk
386099	etna.uvinum.co.uk
386100	willamette-valley.uvinum.co.uk
386101	southern-oregon.uvinum.co.uk
386102	montello-e-colli-asolani.uvinum.co.uk
386103	valdadige.uvinum.co.uk
386104	prosecco-di-conegliano-valdobbiadene.uvinum.co.uk
386105	treviso.uvinum.co.uk
386106	prosecco.uvinum.co.uk
386107	recioto-di-soave.uvinum.co.uk
386108	beneventano.uvinum.co.uk
386109	irpinia.uvinum.co.uk
386110	aglianico-del-vulture.uvinum.co.uk
386111	campania.uvinum.co.uk
386112	primitivo-di-manduria.uvinum.co.uk
386113	greco-di-tufo.uvinum.co.uk
386114	fiano-di-avellino.uvinum.co.uk
386115	taurasi.uvinum.co.uk
386116	sannio.uvinum.co.uk
386117	vesuvio.uvinum.co.uk
386118	colli-della-toscana-centrale.uvinum.co.uk
386119	cerasuolo-di-vittoria.uvinum.co.uk
386120	morellino-di-scansano.uvinum.co.uk
386121	firenze.uvinum.co.uk
386122	chianti.uvinum.co.uk
386123	vernaccia-di-san-gimignano.uvinum.co.uk
386124	brunello-di-montalcino.uvinum.co.uk
386125	rosso-di-montalcino.uvinum.co.uk
386126	vin-santo-del-chianti.uvinum.co.uk
386127	chianti-classico.uvinum.co.uk
386128	vin-santo-del-chianti-classico.uvinum.co.uk
386129	pomino.uvinum.co.uk
386130	tuscany.uvinum.co.uk
386131	maremma-toscana.uvinum.co.uk
386133	santantimo.uvinum.co.uk
386134	chianti-colli-senesi.uvinum.co.uk
386135	puglia.uvinum.co.uk
386136	italy.uvinum.co.uk
386137	bolgheri-sassicaia.uvinum.co.uk
386138	trento.uvinum.co.uk
386139	bolgheri-superiore.uvinum.co.uk
386140	walker-bay.uvinum.co.uk
386141	pisco.uvinum.co.uk
386142	www.babibum.co.uk
386143	www.mascotic.co.uk
386144	www.sportivic.co.uk
386145	www.uvinum.co.uk
386146	condado-de-huelva.uvinum.co.uk
386147	arribes.uvinum.co.uk
386148	madrid.uvinum.co.uk
386149	dominio-de-valdepusa.uvinum.co.uk
386150	arlanza.uvinum.co.uk
386151	sicily.uvinum.co.uk
386152	lambrusco.uvinum.co.uk
386153	jumilla.uvinum.co.uk
386154	priorat.uvinum.co.uk
386155	ribeiro.uvinum.co.uk
386156	ribeira-sacra.uvinum.co.uk
386157	rias-baixas.uvinum.co.uk
386158	colli-euganei.uvinum.co.uk
386159	costers-del-segre.uvinum.co.uk
386160	conca-de-barbera.uvinum.co.uk
386161	catalunya.uvinum.co.uk
386162	salento.uvinum.co.uk
386163	almansa.uvinum.co.uk
386164	malaga.uvinum.co.uk
386165	sierras-de-malaga.uvinum.co.uk
386166	valdeorras.uvinum.co.uk
386167	alicante.uvinum.co.uk
386168	rueda.uvinum.co.uk
386169	wines-without-appellation-spain.uvinum.co.uk
386170	terra-alta.uvinum.co.uk
386171	montsant.uvinum.co.uk
386172	galicia.uvinum.co.uk
386173	valdepenas.uvinum.co.uk
386174	valencia.uvinum.co.uk
386175	valle-de-cafayate.uvinum.co.uk
386176	breganze.uvinum.co.uk
386177	wines-without-appellation-italy.uvinum.co.uk
386178	calatayud.uvinum.co.uk
386179	cider.uvinum.co.uk
386180	cachaca.uvinum.co.uk
386181	spirits.uvinum.co.uk
386182	toledo.uvinum.co.uk
386183	bourbon.uvinum.co.uk
386184	cigales.uvinum.co.uk
386185	toro.uvinum.co.uk
386186	navarra.uvinum.co.uk
386187	store.uvinum.co.uk
386188	decanters.uvinum.co.uk
386189	gifts.uvinum.co.uk
386190	books.uvinum.co.uk
386191	absinth-service-accessories.uvinum.co.uk
386192	pauillac.uvinum.co.uk
386193	pates.uvinum.co.uk
386194	juices.uvinum.co.uk
386195	herbs-and-spices.uvinum.co.uk
386196	chocolate.uvinum.co.uk
386197	thermometers.uvinum.co.uk
386198	syrup.uvinum.co.uk
386199	vinegars.uvinum.co.uk
386200	rosso-di-montepulciano.uvinum.co.uk
386201	conac.uvinum.co.uk
386202	olive-oil.uvinum.co.uk
386203	tonic.uvinum.co.uk
386204	armanac.uvinum.co.uk
386205	rum.uvinum.co.uk
386206	vodka.uvinum.co.uk
386207	bitter.uvinum.co.uk
386208	miniatures.uvinum.co.uk
386209	absinthe.uvinum.co.uk
386210	fruit-liqueur.uvinum.co.uk
386211	whisky.uvinum.co.uk
386212	brandy.uvinum.co.uk
386213	champagne.uvinum.co.uk
386214	gin.uvinum.co.uk
386215	glasses.uvinum.co.uk
386216	jams.uvinum.co.uk
386217	wine-cellars.uvinum.co.uk
386218	preserves.uvinum.co.uk
386219	corkscrews.uvinum.co.uk
386220	wine-service-accessories.uvinum.co.uk
386221	port.uvinum.co.uk
386222	rioja.uvinum.co.uk
386223	penedes.uvinum.co.uk
386224	douro.uvinum.co.uk
386225	cava.uvinum.co.uk
386226	ribera-del-duero.uvinum.co.uk
386227	burgundy.uvinum.co.uk
386228	amaretto.uvinum.co.uk
386229	emporda.uvinum.co.uk
386230	spain.uvinum.co.uk
386231	sherry.uvinum.co.uk
386232	vt-castilla-y-leon.uvinum.co.uk
386233	ucles.uvinum.co.uk
386234	vt-castilla.uvinum.co.uk
386235	la-mancha.uvinum.co.uk
386236	limoncello.uvinum.co.uk
386237	pacharan.uvinum.co.uk
386238	pastis.uvinum.co.uk
386239	marc.uvinum.co.uk
386240	grappa.uvinum.co.uk
386241	triple-sec.uvinum.co.uk
386242	coffee-liqueur.uvinum.co.uk
386243	anise.uvinum.co.uk
386244	marc-cream.uvinum.co.uk
386245	eau-de-vie.uvinum.co.uk
386246	herbal-liqueur.uvinum.co.uk
386247	liquors-and-creams.uvinum.co.uk
386248	whisky-cream.uvinum.co.uk
386249	tequila.uvinum.co.uk
386250	sambuca.uvinum.co.uk
386251	vin-santo-di-montepulciano.uvinum.co.uk
386252	vino-nobile-di-montepulciano.uvinum.co.uk
386253	veneto.uvinum.co.uk
386254	nero-davola.uvinum.co.uk
386255	montilla-moriles.uvinum.co.uk
386257	saint-julien.uvinum.co.uk
386258	france.uvinum.co.uk
386260	bandol.uvinum.co.uk
386261	cotes-de-provence.uvinum.co.uk
386262	provence.uvinum.co.uk
386263	haut-montravel.uvinum.co.uk
386264	lussac-saint-emilion.uvinum.co.uk
386265	lalande-de-pomerol.uvinum.co.uk
386266	moulis.uvinum.co.uk
386267	bergerac.uvinum.co.uk
386268	castillon-cotes-de-bordeaux.uvinum.co.uk
386269	pessac-leognan.uvinum.co.uk
386270	margaux.uvinum.co.uk
386271	loupiac.uvinum.co.uk
386272	cotes-de-bourg.uvinum.co.uk
386273	montagne-saint-emilion.uvinum.co.uk
386274	entre-deux-mers.uvinum.co.uk
386275	medoc.uvinum.co.uk
386276	bordeaux-superieur.uvinum.co.uk
386277	saint-emilion-grand-cru.uvinum.co.uk
386278	saint-emilion.uvinum.co.uk
386279	saint-estephe.uvinum.co.uk
386280	graves.uvinum.co.uk
386281	sauternes.uvinum.co.uk
386282	fronsac.uvinum.co.uk
386283	bordeaux.uvinum.co.uk
386284	pomerol.uvinum.co.uk
386285	haut-medoc.uvinum.co.uk
386286	leyda-valley.uvinum.co.uk
386287	curico-valley.uvinum.co.uk
386288	puente-alto.uvinum.co.uk
386289	central-valley.uvinum.co.uk
386290	lontue-valley.uvinum.co.uk
386291	lontue.uvinum.co.uk
386292	chile.uvinum.co.uk
386293	casablanca-valley.uvinum.co.uk
386294	region-central-valley.uvinum.co.uk
386295	central-valley-chile.uvinum.co.uk
386296	aconcagua-valley.uvinum.co.uk
386297	rapel-valley.uvinum.co.uk
386298	colchagua-valley.uvinum.co.uk
386299	cachapoal-valley.uvinum.co.uk
386300	maule-valley.uvinum.co.uk
386301	maipo-valley.uvinum.co.uk
386302	limari-valley.uvinum.co.uk
386303	fitou.uvinum.co.uk
386304	blanquette-de-limoux.uvinum.co.uk
386307	vin-de-pays-du-coteaux-du-verdon.uvinum.co.uk
386308	fruits.uvinum.co.uk
386309	monterrei.uvinum.co.uk
386310	vt-bajo-aragon.uvinum.co.uk
386311	bierzo.uvinum.co.uk
386312	tierra-de-leon.uvinum.co.uk
386314	finca-elez.uvinum.co.uk
386315	manchuela.uvinum.co.uk
386316	calvados.uvinum.co.uk
386317	frangelico.uvinum.co.uk
386318	mezcal.uvinum.co.uk
386319	portugal.uvinum.co.uk
386320	bucelas.uvinum.co.uk
386321	do-tejo.uvinum.co.uk
386322	obidos.uvinum.co.uk
386323	lisbon.uvinum.co.uk
386324	alentejo.uvinum.co.uk
386325	evora.uvinum.co.uk
386326	bairrada.uvinum.co.uk
386327	beiras.uvinum.co.uk
386328	tavora-varosa.uvinum.co.uk
386329	vinho-verde.uvinum.co.uk
386330	dao.uvinum.co.uk
386331	wines-without-appellation-portugal.uvinum.co.uk
386332	region-dao.uvinum.co.uk
386333	madeira.uvinum.co.uk
386334	igt-bianco-delle-venezie.uvinum.co.uk
386335	coteaux-daix-en-provence.uvinum.co.uk
386336	coteaux-varois.uvinum.co.uk
386337	region-champagne.uvinum.co.uk
386338	ycoden-daute-isora.uvinum.co.uk
386339	vin-de-pays-du-var.uvinum.co.uk
386341	san-juan.uvinum.co.uk
386343	margaret-river.uvinum.co.uk
386344	great-southern-western-australia.uvinum.co.uk
386345	saussignac.uvinum.co.uk
386346	cotes-de-francs.uvinum.co.uk
386347	lugana.uvinum.co.uk
386349	piave-veneto.uvinum.co.uk
386350	colli-berici.uvinum.co.uk
386351	soave-classico.uvinum.co.uk
386352	region-veneto.uvinum.co.uk
386353	garda.uvinum.co.uk
386354	recioto-della-valpolicella.uvinum.co.uk
386355	soave.uvinum.co.uk
386356	bardolino.uvinum.co.uk
386357	bianco-di-custoza.uvinum.co.uk
386359	valpolicella-classico.uvinum.co.uk
386360	valpolicella-ripasso.uvinum.co.uk
386361	valpolicella.uvinum.co.uk
386362	amarone-della-valpolicella.uvinum.co.uk
386363	veronese.uvinum.co.uk
386364	san-antonio-valley-chile.uvinum.co.uk
386365	elqui-valley.uvinum.co.uk
386366	badische-bergstrasse-kraichgau.uvinum.co.uk
386367	breisgau.uvinum.co.uk
386368	ortenau.uvinum.co.uk
386369	water.uvinum.co.uk
386370	salt.uvinum.co.uk
386371	soft-drinks-and-mixers.uvinum.co.uk
386372	barsac.uvinum.co.uk
386373	limnos.uvinum.co.uk
386374	kent.uvinum.co.uk
386375	reims-champagne.uvinum.co.uk
386376	colli-bolognesi.uvinum.co.uk
386380	colli-dimola.uvinum.co.uk
386381	albana-di-romagna.uvinum.co.uk
386382	colli-romagna-centrale.uvinum.co.uk
386383	aszar-neszmely.uvinum.co.uk
386384	country-turkey.uvinum.co.uk
386385	aegean-sea-coastal-region.uvinum.co.uk
386386	cava-rioja.uvinum.co.uk
386388	rioja-alavesa.uvinum.co.uk
386389	montevideo.uvinum.co.uk
386390	progreso.uvinum.co.uk
386391	region-georgia.uvinum.co.uk
386392	valle-isarco.uvinum.co.uk
386393	vin-de-pays-des-cotes-de-thongue.uvinum.co.uk
386395	senorio-de-arinzano.uvinum.co.uk
386396	moncao-e-melgaco.uvinum.co.uk
386397	mudgee.uvinum.co.uk
386398	coteaux-du-loir.uvinum.co.uk
386399	jasnieres.uvinum.co.uk
386400	sopron.uvinum.co.uk
386401	porto-and-douro.uvinum.co.uk
386403	colli-lanuvini.uvinum.co.uk
386404	tulbagh.uvinum.co.uk
386405	textures.uvinum.co.uk
386406	legumes-and-vegetables.uvinum.co.uk
386407	condiments.uvinum.co.uk
386408	vt-el-terrerazo.uvinum.co.uk
386409	sauces-and-mustards.uvinum.co.uk
386410	pickles.uvinum.co.uk
386413	new-york.uvinum.co.uk
386414	croatia.uvinum.co.uk
386415	primorska-hrvatska.uvinum.co.uk
386416	vin-de-pays-des-cotes-de-ceressou.uvinum.co.uk
386417	friuli-aquileia.uvinum.co.uk
386418	dezaley.uvinum.co.uk
386419	campo-de-la-guardia.uvinum.co.uk
386420	sangria.uvinum.co.uk
386421	colli-delletruria-centrale.uvinum.co.uk
386422	sambuca-di-sicilia.uvinum.co.uk
386423	jura.uvinum.co.uk
386424	cotes-du-jura.uvinum.co.uk
386425	arbois.uvinum.co.uk
386426	cadillac.uvinum.co.uk
386427	colares.uvinum.co.uk
386428	region-vinho-verde.uvinum.co.uk
386430	geographe.uvinum.co.uk
386431	listrac.uvinum.co.uk
386433	cotes-de-bergerac.uvinum.co.uk
386434	monbazillac.uvinum.co.uk
386435	sugar.uvinum.co.uk
386436	desserts-sweets.uvinum.co.uk
386437	nougat.uvinum.co.uk
386438	pastries-and-cakes.uvinum.co.uk
386439	beer.uvinum.co.uk
386440	styria.uvinum.co.uk
386441	sudsteiermark.uvinum.co.uk
386442	povardarje.uvinum.co.uk
386443	cerveza.uvinum.co.uk
3049379	www.benriachdistillery.co.uk
3833626	uvinum.co.uk
